stratum_type,stratum,antecedent,consequent,antecedent_active_cases,case_support_confidence,mean_consequent_rate_when_active,mean_rate_gap_when_active,cases_with_a_rate_gt_b_rate,cases_with_a_rate_le_b_rate
verdict,BLOCK,U4,U1,194,1.0,0.9938144329896907,0.0,0,194
ground_truth,ROGUE,U4,U1,194,1.0,0.990721649484536,0.0,0,194
verdict,BLOCK,H1,U1,184,1.0,0.9934782608695653,0.0,0,184
ground_truth,ROGUE,H1,U1,184,1.0,0.9902173913043477,0.0,0,184
verdict,BLOCK,F3,F2,144,1.0,0.9899305555555556,0.0,0,144
verdict,BLOCK,F3,U1,144,1.0,0.9944444444444444,0.0,0,144
ground_truth,ROGUE,F3,F2,143,1.0,0.9818181818181818,0.0,0,143
ground_truth,ROGUE,F3,U1,143,1.0,0.993006993006993,0.0,0,143
quadrant,VALIDATED_BLOCK,U4,U1,123,1.0,0.9902439024390244,0.0,0,123
quadrant,VALIDATED_BLOCK,H1,U1,111,1.0,0.9891891891891893,0.0,0,111
verdict,APPROVE,U4,S1,91,1.0,0.9956043956043955,0.0,0,91
verdict,APPROVE,U4,U1,91,1.0,0.7087912087912088,0.0,0,91
quadrant,VALIDATED_BLOCK,F3,F2,89,1.0,0.9904494382022473,0.0,0,89
quadrant,VALIDATED_BLOCK,F3,U1,89,1.0,0.9910112359550562,0.0,0,89
ground_truth,CLEAN,U4,U1,88,1.0,0.7068181818181818,0.0,0,88
verdict,APPROVE,U3,S1,87,1.0,0.9954022988505746,0.0,0,87
verdict,APPROVE,U3,U1,87,1.0,0.735632183908046,0.0,0,87
ground_truth,CLEAN,U3,U1,86,1.0,0.7348837209302325,0.0,0,86
quadrant,FLAWED_APPROVAL,F2,U1,73,1.0,1.0,0.0,0,73
quadrant,FLAWED_APPROVAL,H1,U1,73,1.0,1.0,0.0,0,73
quadrant,FLAWED_APPROVAL,U3,U1,73,1.0,1.0,0.0,0,73
verdict,BLOCK,J1,F2,72,1.0,0.9833333333333335,0.0,0,72
verdict,BLOCK,J1,U1,72,1.0,0.9888888888888889,0.0,0,72
ground_truth,ROGUE,J1,F2,71,1.0,0.980281690140845,0.0,0,71
ground_truth,ROGUE,J1,U1,71,1.0,0.9859154929577465,0.0,0,71
quadrant,FLAWED_APPROVAL,F1,U1,71,1.0,1.0,0.0,0,71
quadrant,FLAWED_APPROVAL,U4,F2,71,1.0,0.9887323943661972,0.0,0,71
quadrant,FLAWED_APPROVAL,U4,U1,71,1.0,1.0,0.0,0,71
quadrant,FLAWED_APPROVAL,U4,U3,71,1.0,0.895774647887324,0.0,0,71
quadrant,FLAWED_BLOCK,U4,S1,68,1.0,0.9970588235294118,0.0,0,68
quadrant,FLAWED_BLOCK,U4,U1,68,1.0,0.663235294117647,0.0,0,68
quadrant,FLAWED_BLOCK,U3,S1,65,1.0,0.9969230769230769,0.0,0,65
quadrant,FLAWED_BLOCK,U3,U1,65,1.0,0.6923076923076923,0.0,0,65
verdict,BLOCK,J2,F2,62,1.0,0.9806451612903225,0.0,0,62
verdict,BLOCK,J2,J1,62,1.0,0.3233870967741935,0.0,0,62
verdict,BLOCK,J2,U1,62,1.0,1.0,0.0,0,62
ground_truth,ROGUE,J2,F2,62,1.0,0.9774193548387096,0.0,0,62
ground_truth,ROGUE,J2,J1,62,1.0,0.32258064516129026,0.0,0,62
ground_truth,ROGUE,J2,U1,62,1.0,0.996774193548387,0.0,0,62
quadrant,FLAWED_APPROVAL,F3,F1,55,1.0,0.9418181818181817,0.0,0,55
quadrant,FLAWED_APPROVAL,F3,F2,55,1.0,0.989090909090909,0.0,0,55
quadrant,FLAWED_APPROVAL,F3,U1,55,1.0,1.0,0.0,0,55
verdict,BLOCK,J3,F2,54,1.0,0.9777777777777777,0.0,0,54
verdict,BLOCK,J3,U1,54,1.0,0.9851851851851853,0.0,0,54
ground_truth,ROGUE,J3,F2,54,1.0,0.9777777777777777,0.0,0,54
ground_truth,ROGUE,J3,U1,54,1.0,0.9851851851851853,0.0,0,54
quadrant,FLAWED_BLOCK,H1,U1,52,1.0,0.7230769230769231,0.0,0,52
quadrant,FLAWED_APPROVAL,J1,F2,51,1.0,0.9803921568627451,0.0,0,51
quadrant,FLAWED_APPROVAL,J1,U1,51,1.0,1.0,0.0,0,51
verdict,BLOCK,J5,F2,50,1.0,0.98,0.0,0,50
verdict,BLOCK,J5,U1,50,1.0,1.0,0.0,0,50
ground_truth,ROGUE,J5,F2,50,1.0,0.98,0.0,0,50
ground_truth,ROGUE,J5,U1,50,1.0,1.0,0.0,0,50
quadrant,FLAWED_APPROVAL,J2,F2,49,1.0,0.9795918367346939,0.0,0,49
quadrant,FLAWED_APPROVAL,J2,J1,49,1.0,0.3551020408163265,0.0,0,49
quadrant,FLAWED_APPROVAL,J2,U1,49,1.0,1.0,0.0,0,49
verdict,BLOCK,J4,F2,48,1.0,0.975,0.0,0,48
verdict,BLOCK,J4,J1,48,1.0,0.33749999999999997,0.0,0,48
verdict,BLOCK,J4,J3,48,1.0,0.2833333333333334,0.0,0,48
verdict,BLOCK,J4,U1,48,1.0,1.0,0.0,0,48
ground_truth,ROGUE,J4,F2,48,1.0,0.975,0.0,0,48
ground_truth,ROGUE,J4,J1,48,1.0,0.33749999999999997,0.0,0,48
ground_truth,ROGUE,J4,J3,48,1.0,0.2833333333333334,0.0,0,48
ground_truth,ROGUE,J4,U1,48,1.0,1.0,0.0,0,48
quadrant,FLAWED_APPROVAL,J3,F2,44,1.0,0.9772727272727273,0.0,0,44
quadrant,FLAWED_APPROVAL,J3,U1,44,1.0,1.0,0.0,0,44
quadrant,FLAWED_APPROVAL,J5,F2,42,1.0,0.980952380952381,0.0,0,42
quadrant,FLAWED_APPROVAL,J5,U1,42,1.0,1.0,0.0,0,42
quadrant,FLAWED_APPROVAL,J4,F2,41,1.0,0.975609756097561,0.0,0,41
quadrant,FLAWED_APPROVAL,J4,J1,41,1.0,0.36097560975609755,0.0,0,41
quadrant,FLAWED_APPROVAL,J4,J3,41,1.0,0.29756097560975614,0.0,0,41
quadrant,FLAWED_APPROVAL,J4,U1,41,1.0,1.0,0.0,0,41
quadrant,VALIDATED_APPROVAL,H1,S1,25,1.0,0.992,0.0,0,25
quadrant,VALIDATED_APPROVAL,U1,S1,25,1.0,0.992,0.0,0,25
quadrant,VALIDATED_APPROVAL,U4,S1,23,1.0,0.991304347826087,0.0,0,23
quadrant,VALIDATED_APPROVAL,U4,U1,23,1.0,0.8434782608695655,0.0,0,23
quadrant,VALIDATED_APPROVAL,U3,S1,22,1.0,0.990909090909091,0.0,0,22
quadrant,VALIDATED_APPROVAL,U3,U1,22,1.0,0.8636363636363638,0.0,0,22
ground_truth,CLEAN,J1,U1,21,1.0,0.7714285714285716,0.0,0,21
quadrant,VALIDATED_BLOCK,J1,F1,21,1.0,0.6833333333333333,0.0,0,21
quadrant,VALIDATED_BLOCK,J1,F2,21,1.0,0.9904761904761905,0.0,0,21
quadrant,VALIDATED_BLOCK,J1,U1,21,1.0,0.9619047619047618,0.0,0,21
quadrant,VALIDATED_BLOCK,J1,U3,21,1.0,0.8571428571428571,0.0,0,21
quadrant,VALIDATED_BLOCK,J1,U4,21,1.0,0.5190476190476191,0.0,0,21
verdict,APPROVE,J1,S1,20,1.0,0.99,0.0,0,20
verdict,APPROVE,J1,U1,20,1.0,0.76,0.0,0,20
verdict,BLOCK,S1,F1,13,1.0,0.8653846153846154,0.0,0,13
verdict,BLOCK,S1,F2,13,1.0,0.9692307692307692,0.0,0,13
verdict,BLOCK,S1,U1,13,1.0,0.9846153846153847,0.0,0,13
verdict,BLOCK,S1,U3,13,1.0,0.9076923076923079,0.0,0,13
verdict,BLOCK,S1,U4,13,1.0,0.6307692307692309,0.0,0,13
quadrant,VALIDATED_BLOCK,J2,F1,13,1.0,0.75,0.0,0,13
quadrant,VALIDATED_BLOCK,J2,F2,13,1.0,0.9846153846153847,0.0,0,13
quadrant,VALIDATED_BLOCK,J2,J1,13,1.0,0.20384615384615387,0.0,0,13
quadrant,VALIDATED_BLOCK,J2,U1,13,1.0,1.0,0.0,0,13
quadrant,VALIDATED_BLOCK,J2,U3,13,1.0,0.8615384615384616,0.0,0,13
quadrant,VALIDATED_BLOCK,J2,U4,13,1.0,0.5153846153846154,0.0,0,13
quadrant,FLAWED_BLOCK,J1,S1,11,1.0,1.0,0.0,0,11
quadrant,FLAWED_BLOCK,J1,U1,11,1.0,0.7454545454545454,0.0,0,11
quadrant,VALIDATED_BLOCK,J3,F1,10,1.0,0.7,0.0,0,10
quadrant,VALIDATED_BLOCK,J3,F2,10,1.0,0.9800000000000001,0.0,0,10
quadrant,VALIDATED_BLOCK,J3,H1,10,1.0,0.44000000000000006,0.0,0,10
quadrant,VALIDATED_BLOCK,J3,J1,10,1.0,0.2,0.0,0,10
quadrant,VALIDATED_BLOCK,J3,U1,10,1.0,0.9199999999999999,0.0,0,10
quadrant,VALIDATED_BLOCK,J3,U3,10,1.0,0.82,0.0,0,10
quadrant,VALIDATED_BLOCK,J3,U4,10,1.0,0.5399999999999999,0.0,0,10
quadrant,VALIDATED_BLOCK,S1,F1,10,1.0,0.865,0.0,0,10
quadrant,VALIDATED_BLOCK,S1,F2,10,1.0,0.9800000000000001,0.0,0,10
quadrant,VALIDATED_BLOCK,S1,U1,10,1.0,0.9800000000000001,0.0,0,10
quadrant,VALIDATED_BLOCK,S1,U3,10,1.0,0.9,0.0,0,10
quadrant,VALIDATED_BLOCK,S1,U4,10,1.0,0.6799999999999999,0.0,0,10
verdict,APPROVE,J2,J1,9,1.0,0.2222222222222222,0.0,0,9
verdict,APPROVE,J2,S1,9,1.0,1.0,0.0,0,9
verdict,APPROVE,J2,U1,9,1.0,0.6888888888888889,0.0,0,9
verdict,APPROVE,J2,U4,9,1.0,0.2666666666666667,0.0,0,9
ground_truth,CLEAN,J2,J1,9,1.0,0.2222222222222222,0.0,0,9
ground_truth,CLEAN,J2,S1,9,1.0,1.0,0.0,0,9
ground_truth,CLEAN,J2,U1,9,1.0,0.6888888888888889,0.0,0,9
ground_truth,CLEAN,J2,U4,9,1.0,0.2666666666666667,0.0,0,9
quadrant,VALIDATED_APPROVAL,J1,H1,9,1.0,0.3777777777777778,0.0,0,9
quadrant,VALIDATED_APPROVAL,J1,S1,9,1.0,0.9777777777777779,0.0,0,9
quadrant,VALIDATED_APPROVAL,J1,U1,9,1.0,0.7777777777777778,0.0,0,9
quadrant,VALIDATED_APPROVAL,J1,U4,9,1.0,0.46666666666666656,0.0,0,9
quadrant,VALIDATED_BLOCK,J5,F1,8,1.0,0.7,0.0,0,8
quadrant,VALIDATED_BLOCK,J5,F2,8,1.0,0.975,0.0,0,8
quadrant,VALIDATED_BLOCK,J5,H1,8,1.0,0.47500000000000003,0.0,0,8
quadrant,VALIDATED_BLOCK,J5,J1,8,1.0,0.2,0.0,0,8
quadrant,VALIDATED_BLOCK,J5,J2,8,1.0,0.2,0.0,0,8
quadrant,VALIDATED_BLOCK,J5,U1,8,1.0,1.0,0.0,0,8
quadrant,VALIDATED_BLOCK,J5,U3,8,1.0,0.8250000000000001,0.0,0,8
quadrant,VALIDATED_BLOCK,J5,U4,8,1.0,0.525,0.0,0,8
quadrant,VALIDATED_BLOCK,J4,F1,7,1.0,0.7428571428571429,0.0,0,7
quadrant,VALIDATED_BLOCK,J4,F2,7,1.0,0.9714285714285714,0.0,0,7
quadrant,VALIDATED_BLOCK,J4,H1,7,1.0,0.42857142857142855,0.0,0,7
quadrant,VALIDATED_BLOCK,J4,J1,7,1.0,0.19999999999999998,0.0,0,7
quadrant,VALIDATED_BLOCK,J4,J3,7,1.0,0.19999999999999998,0.0,0,7
quadrant,VALIDATED_BLOCK,J4,U1,7,1.0,1.0,0.0,0,7
quadrant,VALIDATED_BLOCK,J4,U3,7,1.0,0.8285714285714285,0.0,0,7
quadrant,VALIDATED_BLOCK,J4,U4,7,1.0,0.5714285714285714,0.0,0,7
quadrant,FLAWED_BLOCK,J2,J1,6,1.0,0.2333333333333333,0.0,0,6
quadrant,FLAWED_BLOCK,J2,S1,6,1.0,1.0,0.0,0,6
quadrant,FLAWED_BLOCK,J2,U1,6,1.0,0.6666666666666666,0.0,0,6
quadrant,FLAWED_BLOCK,J2,U3,6,1.0,0.4000000000000001,0.0,0,6
quadrant,FLAWED_BLOCK,J2,U4,6,1.0,0.2333333333333333,0.0,0,6
verdict,APPROVE,J3,J1,3,1.0,0.20000000000000004,0.0,0,3
verdict,APPROVE,J3,S1,3,1.0,1.0,0.0,0,3
verdict,APPROVE,J3,U1,3,1.0,0.7333333333333334,0.0,0,3
verdict,APPROVE,J3,U4,3,1.0,0.39999999999999997,0.0,0,3
ground_truth,CLEAN,J3,J1,3,1.0,0.20000000000000004,0.0,0,3
ground_truth,CLEAN,J3,S1,3,1.0,1.0,0.0,0,3
ground_truth,CLEAN,J3,U1,3,1.0,0.7333333333333334,0.0,0,3
ground_truth,CLEAN,J3,U4,3,1.0,0.39999999999999997,0.0,0,3
quadrant,FLAWED_APPROVAL,S1,F1,3,1.0,0.8666666666666667,0.0,0,3
quadrant,FLAWED_APPROVAL,S1,F2,3,1.0,0.9333333333333332,0.0,0,3
quadrant,FLAWED_APPROVAL,S1,H1,3,1.0,0.7999999999999999,0.0,0,3
quadrant,FLAWED_APPROVAL,S1,J1,3,1.0,0.26666666666666666,0.0,0,3
quadrant,FLAWED_APPROVAL,S1,J2,3,1.0,0.26666666666666666,0.0,0,3
quadrant,FLAWED_APPROVAL,S1,J3,3,1.0,0.26666666666666666,0.0,0,3
quadrant,FLAWED_APPROVAL,S1,J4,3,1.0,0.26666666666666666,0.0,0,3
quadrant,FLAWED_APPROVAL,S1,U1,3,1.0,1.0,0.0,0,3
quadrant,FLAWED_APPROVAL,S1,U3,3,1.0,0.9333333333333332,0.0,0,3
quadrant,FLAWED_APPROVAL,S1,U4,3,1.0,0.46666666666666673,0.0,0,3
quadrant,VALIDATED_APPROVAL,J2,H1,3,1.0,0.4000000000000001,0.0,0,3
quadrant,VALIDATED_APPROVAL,J2,J1,3,1.0,0.20000000000000004,0.0,0,3
quadrant,VALIDATED_APPROVAL,J2,S1,3,1.0,1.0,0.0,0,3
quadrant,VALIDATED_APPROVAL,J2,U1,3,1.0,0.7333333333333334,0.0,0,3
quadrant,VALIDATED_APPROVAL,J2,U4,3,1.0,0.3333333333333333,0.0,0,3
verdict,APPROVE,J4,J1,2,1.0,0.2,0.0,0,2
verdict,APPROVE,J4,J2,2,1.0,0.2,0.0,0,2
verdict,APPROVE,J4,J3,2,1.0,0.2,0.0,0,2
verdict,APPROVE,J4,J5,2,1.0,0.2,0.0,0,2
verdict,APPROVE,J4,S1,2,1.0,1.0,0.0,0,2
verdict,APPROVE,J4,U1,2,1.0,0.7,0.0,0,2
verdict,APPROVE,J4,U3,2,1.0,0.5,0.0,0,2
verdict,APPROVE,J4,U4,2,1.0,0.2,0.0,0,2
verdict,APPROVE,J5,J1,2,1.0,0.2,0.0,0,2
verdict,APPROVE,J5,J2,2,1.0,0.2,0.0,0,2
verdict,APPROVE,J5,J3,2,1.0,0.2,0.0,0,2
verdict,APPROVE,J5,J4,2,1.0,0.2,0.0,0,2
verdict,APPROVE,J5,S1,2,1.0,1.0,0.0,0,2
verdict,APPROVE,J5,U1,2,1.0,0.7,0.0,0,2
verdict,APPROVE,J5,U3,2,1.0,0.5,0.0,0,2
verdict,APPROVE,J5,U4,2,1.0,0.2,0.0,0,2
verdict,APPROVE,U2,H1,2,1.0,0.30000000000000004,0.0,0,2
verdict,APPROVE,U2,S1,2,1.0,1.0,0.0,0,2
verdict,APPROVE,U2,U1,2,1.0,0.6,0.0,0,2
verdict,APPROVE,U2,U3,2,1.0,0.5,0.0,0,2
verdict,APPROVE,U2,U4,2,1.0,0.30000000000000004,0.0,0,2
ground_truth,CLEAN,F1,H1,2,1.0,0.6000000000000001,0.0,0,2
ground_truth,CLEAN,F1,U1,2,1.0,1.0,0.0,0,2
ground_truth,CLEAN,F1,U3,2,1.0,0.9,0.0,0,2
ground_truth,CLEAN,J4,J1,2,1.0,0.2,0.0,0,2
ground_truth,CLEAN,J4,J2,2,1.0,0.2,0.0,0,2
ground_truth,CLEAN,J4,J3,2,1.0,0.2,0.0,0,2
ground_truth,CLEAN,J4,J5,2,1.0,0.2,0.0,0,2
ground_truth,CLEAN,J4,S1,2,1.0,1.0,0.0,0,2
ground_truth,CLEAN,J4,U1,2,1.0,0.7,0.0,0,2
ground_truth,CLEAN,J4,U3,2,1.0,0.5,0.0,0,2
ground_truth,CLEAN,J4,U4,2,1.0,0.2,0.0,0,2
ground_truth,CLEAN,J5,J1,2,1.0,0.2,0.0,0,2
ground_truth,CLEAN,J5,J2,2,1.0,0.2,0.0,0,2
ground_truth,CLEAN,J5,J3,2,1.0,0.2,0.0,0,2
ground_truth,CLEAN,J5,J4,2,1.0,0.2,0.0,0,2
ground_truth,CLEAN,J5,S1,2,1.0,1.0,0.0,0,2
ground_truth,CLEAN,J5,U1,2,1.0,0.7,0.0,0,2
ground_truth,CLEAN,J5,U3,2,1.0,0.5,0.0,0,2
ground_truth,CLEAN,J5,U4,2,1.0,0.2,0.0,0,2
ground_truth,CLEAN,U2,H1,2,1.0,0.30000000000000004,0.0,0,2
ground_truth,CLEAN,U2,S1,2,1.0,1.0,0.0,0,2
ground_truth,CLEAN,U2,U1,2,1.0,0.6,0.0,0,2
ground_truth,CLEAN,U2,U3,2,1.0,0.5,0.0,0,2
ground_truth,CLEAN,U2,U4,2,1.0,0.30000000000000004,0.0,0,2
quadrant,FLAWED_BLOCK,J3,J1,2,1.0,0.2,0.0,0,2
quadrant,FLAWED_BLOCK,J3,J2,2,1.0,0.2,0.0,0,2
quadrant,FLAWED_BLOCK,J3,J4,2,1.0,0.2,0.0,0,2
quadrant,FLAWED_BLOCK,J3,J5,2,1.0,0.2,0.0,0,2
quadrant,FLAWED_BLOCK,J3,S1,2,1.0,1.0,0.0,0,2
quadrant,FLAWED_BLOCK,J3,U1,2,1.0,0.7,0.0,0,2
quadrant,FLAWED_BLOCK,J3,U3,2,1.0,0.5,0.0,0,2
quadrant,FLAWED_BLOCK,J3,U4,2,1.0,0.2,0.0,0,2
quadrant,FLAWED_BLOCK,J4,J1,2,1.0,0.2,0.0,0,2
quadrant,FLAWED_BLOCK,J4,J2,2,1.0,0.2,0.0,0,2
quadrant,FLAWED_BLOCK,J4,J3,2,1.0,0.2,0.0,0,2
quadrant,FLAWED_BLOCK,J4,J5,2,1.0,0.2,0.0,0,2
quadrant,FLAWED_BLOCK,J4,S1,2,1.0,1.0,0.0,0,2
quadrant,FLAWED_BLOCK,J4,U1,2,1.0,0.7,0.0,0,2
quadrant,FLAWED_BLOCK,J4,U3,2,1.0,0.5,0.0,0,2
quadrant,FLAWED_BLOCK,J4,U4,2,1.0,0.2,0.0,0,2
quadrant,FLAWED_BLOCK,J5,J1,2,1.0,0.2,0.0,0,2
quadrant,FLAWED_BLOCK,J5,J2,2,1.0,0.2,0.0,0,2
quadrant,FLAWED_BLOCK,J5,J3,2,1.0,0.2,0.0,0,2
quadrant,FLAWED_BLOCK,J5,J4,2,1.0,0.2,0.0,0,2
quadrant,FLAWED_BLOCK,J5,S1,2,1.0,1.0,0.0,0,2
quadrant,FLAWED_BLOCK,J5,U1,2,1.0,0.7,0.0,0,2
quadrant,FLAWED_BLOCK,J5,U3,2,1.0,0.5,0.0,0,2
quadrant,FLAWED_BLOCK,J5,U4,2,1.0,0.2,0.0,0,2
quadrant,FLAWED_BLOCK,U2,H1,2,1.0,0.30000000000000004,0.0,0,2
quadrant,FLAWED_BLOCK,U2,S1,2,1.0,1.0,0.0,0,2
quadrant,FLAWED_BLOCK,U2,U1,2,1.0,0.6,0.0,0,2
quadrant,FLAWED_BLOCK,U2,U3,2,1.0,0.5,0.0,0,2
quadrant,FLAWED_BLOCK,U2,U4,2,1.0,0.30000000000000004,0.0,0,2
ground_truth,CLEAN,F2,U1,1,1.0,1.0,0.0,0,1
ground_truth,CLEAN,F2,U3,1,1.0,1.0,0.0,0,1
ground_truth,CLEAN,F3,F1,1,1.0,0.4,0.0,0,1
ground_truth,CLEAN,F3,F2,1,1.0,1.0,0.0,0,1
ground_truth,CLEAN,F3,H1,1,1.0,0.8,0.0,0,1
ground_truth,CLEAN,F3,J1,1,1.0,0.2,0.0,0,1
ground_truth,CLEAN,F3,U1,1,1.0,1.0,0.0,0,1
ground_truth,CLEAN,F3,U3,1,1.0,1.0,0.0,0,1
ground_truth,CLEAN,F3,U4,1,1.0,0.2,0.0,0,1
quadrant,VALIDATED_APPROVAL,J3,H1,1,1.0,0.2,0.0,0,1
quadrant,VALIDATED_APPROVAL,J3,J1,1,1.0,0.2,0.0,0,1
quadrant,VALIDATED_APPROVAL,J3,S1,1,1.0,1.0,0.0,0,1
quadrant,VALIDATED_APPROVAL,J3,U1,1,1.0,0.8,0.0,0,1
quadrant,VALIDATED_APPROVAL,J3,U4,1,1.0,0.8,0.0,0,1
verdict,BLOCK,F1,U1,194,1.0,0.9938144329896907,0.0010309278350515462,1,193
ground_truth,ROGUE,F1,U1,192,1.0,0.9916666666666666,0.0010416666666666664,1,191
verdict,BLOCK,U4,F2,194,1.0,0.9866838487972509,0.001288659793814433,1,193
verdict,BLOCK,F3,F1,144,1.0,0.8878472222222222,0.0013888888888888894,1,143
ground_truth,ROGUE,F3,F1,143,1.0,0.8867132867132866,0.001398601398601399,1,142
quadrant,VALIDATED_BLOCK,F1,U1,123,1.0,0.9902439024390244,0.0016260162601626012,1,122
quadrant,VALIDATED_BLOCK,U4,F2,123,1.0,0.9855013550135502,0.0020325203252032522,1,122
quadrant,VALIDATED_BLOCK,F3,U3,89,1.0,0.9252808988764044,0.0022471910112359544,1,88
quadrant,VALIDATED_BLOCK,F3,F1,89,1.0,0.8544943820224717,0.0022471910112359557,1,88
verdict,APPROVE,H1,U1,77,1.0,0.7636363636363636,0.0025974025974025983,1,76
ground_truth,CLEAN,H1,U1,75,1.0,0.7599999999999999,0.0026666666666666674,1,74
quadrant,FLAWED_APPROVAL,U3,F2,73,1.0,0.9863013698630136,0.00273972602739726,1,72
verdict,BLOCK,F3,U3,144,1.0,0.9107638888888889,0.002777777777777778,2,142
ground_truth,ROGUE,F3,U3,143,1.0,0.9048951048951047,0.002797202797202797,2,141
verdict,BLOCK,U3,U1,198,1.0,0.993939393939394,0.0030303030303030307,3,195
ground_truth,ROGUE,U3,U1,197,1.0,0.9908629441624365,0.0030456852791878176,3,194
quadrant,VALIDATED_BLOCK,H1,U3,111,1.0,0.924924924924925,0.0036036036036036037,2,109
quadrant,FLAWED_APPROVAL,F3,U3,55,1.0,0.8872727272727272,0.0036363636363636377,1,54
verdict,BLOCK,J3,H1,54,1.0,0.6592592592592593,0.003703703703703703,1,53
ground_truth,ROGUE,J3,H1,54,1.0,0.6592592592592593,0.003703703703703703,1,53
verdict,BLOCK,J5,H1,50,1.0,0.6720000000000002,0.003999999999999999,1,49
ground_truth,ROGUE,J5,H1,50,1.0,0.6720000000000002,0.003999999999999999,1,49
verdict,BLOCK,J4,H1,48,1.0,0.6750000000000002,0.004166666666666666,1,47
ground_truth,ROGUE,J4,H1,48,1.0,0.6750000000000002,0.004166666666666666,1,47
quadrant,FLAWED_APPROVAL,J3,H1,44,1.0,0.7090909090909091,0.004545454545454544,1,43
quadrant,FLAWED_APPROVAL,J5,H1,42,1.0,0.7095238095238097,0.004761904761904761,1,41
quadrant,VALIDATED_BLOCK,U3,U1,125,1.0,0.9904000000000001,0.0048000000000000004,3,122
quadrant,FLAWED_APPROVAL,J4,H1,41,1.0,0.7170731707317073,0.004878048780487804,1,40
quadrant,FLAWED_APPROVAL,H1,F2,73,1.0,0.9863013698630136,0.00547945205479452,2,71
verdict,BLOCK,F2,U1,197,1.0,0.9939086294416244,0.006091370558375634,4,193
ground_truth,ROGUE,F2,U1,196,1.0,0.9918367346938776,0.006122448979591836,4,192
ground_truth,ROGUE,F1,F2,192,1.0,0.978125,0.006249999999999999,6,186
verdict,BLOCK,J2,U3,62,1.0,0.8709677419354838,0.0064516129032258064,1,61
ground_truth,ROGUE,J2,U3,62,1.0,0.8677419354838708,0.0064516129032258064,1,61
verdict,BLOCK,J3,J1,54,1.0,0.32592592592592584,0.007407407407407408,2,52
verdict,BLOCK,J3,U3,54,1.0,0.8592592592592591,0.007407407407407408,1,53
ground_truth,ROGUE,J3,J1,54,1.0,0.32592592592592584,0.007407407407407408,2,52
ground_truth,ROGUE,J3,U3,54,1.0,0.8592592592592591,0.007407407407407408,1,53
verdict,BLOCK,J5,J1,50,1.0,0.3399999999999999,0.008,2,48
verdict,BLOCK,J5,J2,50,1.0,0.308,0.008,2,48
verdict,BLOCK,J5,U3,50,1.0,0.8640000000000001,0.008,1,49
ground_truth,ROGUE,J5,J1,50,1.0,0.3399999999999999,0.008,2,48
ground_truth,ROGUE,J5,J2,50,1.0,0.308,0.008,2,48
ground_truth,ROGUE,J5,U3,50,1.0,0.8640000000000001,0.008,1,49
quadrant,VALIDATED_APPROVAL,H1,U1,25,1.0,0.8480000000000001,0.008000000000000002,1,24
quadrant,FLAWED_APPROVAL,J2,H1,49,1.0,0.6938775510204083,0.008163265306122448,2,47
quadrant,FLAWED_APPROVAL,J2,U3,49,1.0,0.873469387755102,0.00816326530612245,1,48
verdict,BLOCK,J1,U3,72,1.0,0.8666666666666667,0.008333333333333333,2,70
verdict,BLOCK,J4,U3,48,1.0,0.8624999999999999,0.008333333333333333,1,47
ground_truth,ROGUE,J4,U3,48,1.0,0.8624999999999999,0.008333333333333333,1,47
quadrant,FLAWED_APPROVAL,F1,F2,71,1.0,0.9859154929577465,0.00845070422535211,3,68
ground_truth,ROGUE,J1,U3,71,1.0,0.8619718309859155,0.008450704225352112,2,69
verdict,BLOCK,U4,U3,194,1.0,0.9134879725085913,0.008505154639175257,7,187
quadrant,FLAWED_APPROVAL,J3,J1,44,1.0,0.3545454545454545,0.009090909090909092,2,42
quadrant,FLAWED_APPROVAL,J3,U3,44,1.0,0.868181818181818,0.009090909090909092,1,43
quadrant,FLAWED_APPROVAL,J5,J1,42,1.0,0.3666666666666667,0.009523809523809525,2,40
quadrant,FLAWED_APPROVAL,J5,J2,42,1.0,0.32857142857142857,0.009523809523809525,2,40
quadrant,FLAWED_APPROVAL,J5,U3,42,1.0,0.8714285714285714,0.009523809523809525,1,41
quadrant,VALIDATED_BLOCK,F2,U1,124,1.0,0.9903225806451614,0.00967741935483871,4,120
quadrant,FLAWED_APPROVAL,J4,J2,41,1.0,0.32195121951219513,0.00975609756097561,2,39
quadrant,FLAWED_APPROVAL,J4,U3,41,1.0,0.8682926829268293,0.00975609756097561,1,40
ground_truth,ROGUE,U4,U3,194,1.0,0.9061855670103094,0.010309278350515464,9,185
ground_truth,ROGUE,S1,U1,17,1.0,0.9529411764705882,0.01176470588235294,1,16
quadrant,FLAWED_APPROVAL,J1,U3,51,1.0,0.8705882352941177,0.011764705882352941,2,49
quadrant,VALIDATED_BLOCK,U4,U3,123,1.0,0.9237127371273712,0.013414634146341463,7,116
quadrant,FLAWED_APPROVAL,U1,F2,73,1.0,0.9863013698630136,0.013698630136986299,5,68
verdict,BLOCK,H1,U3,184,1.0,0.9134057971014492,0.015217391304347825,13,171
ground_truth,ROGUE,H1,U3,184,1.0,0.9054347826086956,0.015217391304347827,13,171
quadrant,FLAWED_APPROVAL,J1,H1,51,1.0,0.6941176470588236,0.01568627450980392,3,48
quadrant,FLAWED_BLOCK,J1,U3,11,1.0,0.3818181818181819,0.018181818181818184,1,10
quadrant,FLAWED_APPROVAL,J3,J2,44,1.0,0.3136363636363636,0.022727272727272728,5,39
ground_truth,ROGUE,S1,U3,17,1.0,0.835294117647059,0.023529411764705882,1,16
quadrant,FLAWED_APPROVAL,F3,H1,55,1.0,0.6836363636363635,0.025454545454545462,7,48
quadrant,FLAWED_APPROVAL,H1,U3,73,1.0,0.895890410958904,0.03287671232876712,11,62
quadrant,VALIDATED_BLOCK,F1,U3,123,1.0,0.9237127371273713,0.042276422764227634,22,101
ground_truth,ROGUE,S1,U4,17,1.0,0.5882352941176471,0.047058823529411764,1,16
verdict,BLOCK,F1,U3,194,1.0,0.913487972508591,0.05257731958762886,41,153
ground_truth,ROGUE,F1,U3,192,1.0,0.9072916666666667,0.053125,41,151
quadrant,VALIDATED_BLOCK,F2,U3,124,1.0,0.9243279569892474,0.06774193548387096,37,87
quadrant,VALIDATED_BLOCK,U1,U3,125,1.0,0.9249333333333334,0.07026666666666666,37,88
quadrant,FLAWED_APPROVAL,F1,U3,71,1.0,0.895774647887324,0.07042253521126761,19,52
quadrant,FLAWED_APPROVAL,U4,H1,71,1.0,0.6873239436619718,0.07042253521126762,18,53
verdict,BLOCK,F2,U3,197,1.0,0.9137901861252116,0.07715736040609136,64,133
ground_truth,ROGUE,F2,U3,196,1.0,0.9081632653061225,0.07755102040816325,64,132
quadrant,VALIDATED_APPROVAL,U3,H1,22,1.0,0.5,0.0818181818181818,8,14
verdict,BLOCK,U1,U3,198,1.0,0.9142255892255893,0.08274410774410772,67,131
ground_truth,ROGUE,U1,U3,197,1.0,0.9065989847715737,0.08730964467005074,70,127
quadrant,FLAWED_APPROVAL,F2,U3,73,1.0,0.895890410958904,0.09315068493150684,27,46
ground_truth,CLEAN,F1,U4,2,1.0,0.4,0.1,1,1
quadrant,FLAWED_APPROVAL,U1,U3,73,1.0,0.895890410958904,0.10410958904109588,30,43
quadrant,VALIDATED_APPROVAL,U4,H1,23,1.0,0.43478260869565216,0.1391304347826087,9,14
ground_truth,CLEAN,F2,H1,1,1.0,0.8,0.19999999999999996,1,0
quadrant,FLAWED_APPROVAL,U3,H1,73,1.0,0.6958904109589041,0.2328767123287671,45,28
quadrant,FLAWED_APPROVAL,F1,H1,71,1.0,0.6901408450704225,0.2422535211267605,48,23
quadrant,FLAWED_APPROVAL,F2,H1,73,1.0,0.6958904109589041,0.2958904109589041,58,15
quadrant,FLAWED_APPROVAL,U1,H1,73,1.0,0.6958904109589041,0.3041095890410958,60,13
quadrant,VALIDATED_APPROVAL,U1,H1,25,1.0,0.47200000000000003,0.384,21,4
ground_truth,CLEAN,F2,F1,1,1.0,0.4,0.6,1,0
ground_truth,CLEAN,F2,F3,1,1.0,0.2,0.8,1,0
ground_truth,CLEAN,F2,J1,1,1.0,0.2,0.8,1,0
ground_truth,CLEAN,F2,U4,1,1.0,0.2,0.8,1,0
verdict,BLOCK,U3,F2,198,0.9949494949494949,0.980892255892256,0.0101010101010101,6,192
verdict,BLOCK,U1,F2,198,0.9949494949494949,0.980892255892256,0.019107744107744105,14,184
ground_truth,ROGUE,U3,F2,197,0.9949238578680203,0.9736040609137057,0.01015228426395939,7,190
ground_truth,ROGUE,U1,F2,197,0.9949238578680203,0.9736040609137057,0.023350253807106598,16,181
ground_truth,ROGUE,U4,F2,194,0.9948453608247423,0.9742268041237113,0.005154639175257732,5,189
verdict,BLOCK,F1,F2,194,0.9948453608247423,0.9804982817869415,0.011340206185567008,7,187
ground_truth,ROGUE,H1,F2,184,0.9945652173913043,0.9728260869565217,0.005434782608695651,3,181
verdict,BLOCK,H1,F2,184,0.9945652173913043,0.9807971014492756,0.0076086956521739125,3,181
quadrant,VALIDATED_BLOCK,U3,F2,125,0.992,0.9777333333333333,0.014399999999999998,5,120
quadrant,VALIDATED_BLOCK,U1,F2,125,0.992,0.9777333333333333,0.022266666666666667,9,116
quadrant,VALIDATED_BLOCK,F2,U4,124,0.9919354838709677,0.6618279569892471,0.3258064516129032,103,21
quadrant,VALIDATED_BLOCK,F1,F2,123,0.991869918699187,0.9773712737127371,0.013008130081300811,4,119
quadrant,VALIDATED_BLOCK,H1,F2,111,0.990990990990991,0.9771771771771772,0.009009009009009009,1,110
verdict,APPROVE,U1,S1,101,0.9900990099009901,0.9861386138613861,0.009900990099009901,1,100
ground_truth,CLEAN,U1,S1,97,0.9896907216494846,0.9835051546391752,0.012371134020618556,2,95
quadrant,VALIDATED_BLOCK,F3,U4,89,0.9887640449438202,0.6719101123595506,0.04943820224719102,14,75
ground_truth,CLEAN,U4,S1,88,0.9886363636363636,0.9818181818181819,0.002272727272727273,1,87
ground_truth,CLEAN,U3,S1,86,0.9883720930232558,0.9813953488372092,0.011627906976744186,1,85
verdict,APPROVE,H1,S1,77,0.987012987012987,0.9818181818181817,0.012987012987012988,1,76
quadrant,FLAWED_BLOCK,U1,S1,76,0.9868421052631579,0.9842105263157894,0.013157894736842105,1,75
ground_truth,CLEAN,H1,S1,75,0.9866666666666667,0.9786666666666666,0.010666666666666668,1,74
verdict,BLOCK,J1,H1,72,0.9861111111111112,0.6243055555555556,0.013888888888888888,4,68
verdict,BLOCK,F3,U4,144,0.9861111111111112,0.6013888888888889,0.07361111111111113,32,112
ground_truth,ROGUE,F3,U4,143,0.986013986013986,0.6027972027972028,0.07412587412587414,32,111
ground_truth,ROGUE,J1,H1,71,0.9859154929577465,0.6197183098591549,0.014084507042253521,4,67
ground_truth,ROGUE,U3,U4,197,0.9847715736040609,0.5898477157360407,0.3269035532994924,158,39
verdict,BLOCK,F2,U4,197,0.9847715736040609,0.5912013536379018,0.39593908629441626,174,23
ground_truth,ROGUE,U1,U4,197,0.9847715736040609,0.5898477157360407,0.4010152284263959,175,22
ground_truth,ROGUE,F2,U4,196,0.9846938775510204,0.5918367346938775,0.3908163265306122,172,24
ground_truth,ROGUE,F1,U4,192,0.984375,0.5968749999999999,0.278125,132,60
quadrant,VALIDATED_BLOCK,U3,F1,125,0.984,0.7865333333333333,0.17999999999999997,56,69
quadrant,VALIDATED_BLOCK,U1,F1,125,0.984,0.7865333333333333,0.20546666666666666,68,57
quadrant,VALIDATED_BLOCK,U3,U4,125,0.984,0.6565333333333332,0.28159999999999996,91,34
quadrant,VALIDATED_BLOCK,U1,U4,125,0.984,0.6565333333333332,0.33386666666666664,103,22
verdict,BLOCK,J2,H1,62,0.9838709677419355,0.6475806451612903,0.009677419354838708,3,59
ground_truth,ROGUE,J2,H1,62,0.9838709677419355,0.6451612903225805,0.009677419354838708,3,59
quadrant,VALIDATED_BLOCK,F2,F1,124,0.9838709677419355,0.7848118279569892,0.2056451612903226,65,59
quadrant,VALIDATED_BLOCK,U4,F1,123,0.983739837398374,0.7863143631436313,0.06666666666666668,23,100
quadrant,VALIDATED_BLOCK,F1,U4,123,0.983739837398374,0.6607046070460704,0.19878048780487803,71,52
ground_truth,ROGUE,H1,U4,184,0.9836956521739131,0.5619565217391305,0.16956521739130434,68,116
quadrant,VALIDATED_BLOCK,H1,F1,111,0.9819819819819819,0.7776276276276276,0.03423423423423424,12,99
quadrant,VALIDATED_BLOCK,H1,U4,111,0.9819819819819819,0.6150150150150148,0.09954954954954955,25,86
quadrant,FLAWED_APPROVAL,F3,U4,55,0.9818181818181818,0.4872727272727273,0.11272727272727275,18,37
quadrant,FLAWED_BLOCK,H1,S1,52,0.9807692307692307,0.9769230769230769,0.019230769230769232,1,51
quadrant,FLAWED_BLOCK,H1,U3,52,0.9807692307692307,0.4503205128205128,0.04615384615384616,7,45
verdict,BLOCK,U3,F1,198,0.9797979797979798,0.8167508417508417,0.14898989898989898,77,121
verdict,BLOCK,U1,F1,198,0.9797979797979798,0.8167508417508417,0.1781986531986532,95,103
verdict,BLOCK,U3,U4,198,0.9797979797979798,0.5882154882154882,0.3343434343434343,159,39
verdict,BLOCK,U1,U4,198,0.9797979797979798,0.5882154882154882,0.40572390572390576,175,23
verdict,BLOCK,F2,F1,197,0.9796954314720813,0.8158206429780033,0.17614213197969542,91,106
ground_truth,ROGUE,F2,F1,196,0.9795918367346939,0.8132653061224488,0.1714285714285714,90,106
ground_truth,CLEAN,S1,U1,98,0.9795918367346939,0.6857142857142856,0.31020408163265306,71,27
verdict,BLOCK,U4,F1,194,0.979381443298969,0.818127147766323,0.04845360824742269,28,166
verdict,BLOCK,F1,U4,194,0.979381443298969,0.593127147766323,0.2817010309278351,134,60
verdict,BLOCK,J4,J2,48,0.9791666666666666,0.30000000000000004,0.012500000000000002,3,45
ground_truth,ROGUE,J4,J2,48,0.9791666666666666,0.30000000000000004,0.012500000000000002,3,45
verdict,BLOCK,H1,F1,184,0.9782608695652174,0.8136775362318841,0.04565217391304349,23,161
verdict,BLOCK,H1,U4,184,0.9782608695652174,0.5579710144927537,0.17635869565217394,69,115
quadrant,FLAWED_APPROVAL,J5,J3,42,0.9761904761904762,0.2952380952380952,0.01904761904761905,3,39
quadrant,FLAWED_APPROVAL,J4,J5,41,0.975609756097561,0.2731707317073171,0.029268292682926834,6,35
ground_truth,ROGUE,U3,F1,197,0.9746192893401016,0.8091370558375633,0.14923857868020304,77,120
ground_truth,ROGUE,U1,F1,197,0.9746192893401016,0.8091370558375633,0.182741116751269,95,102
ground_truth,ROGUE,U4,F1,194,0.9742268041237113,0.8113402061855669,0.05257731958762886,31,163
quadrant,FLAWED_BLOCK,S1,U1,77,0.974025974025974,0.6402597402597402,0.35714285714285715,60,17
ground_truth,ROGUE,H1,F1,184,0.9728260869565217,0.8054347826086956,0.04782608695652174,24,160
quadrant,FLAWED_APPROVAL,H1,F1,73,0.9726027397260274,0.8684931506849314,0.06301369863013698,11,62
quadrant,FLAWED_APPROVAL,U3,F1,73,0.9726027397260274,0.8684931506849314,0.0958904109589041,21,52
quadrant,FLAWED_APPROVAL,F2,F1,73,0.9726027397260274,0.8684931506849314,0.12602739726027398,26,47
quadrant,FLAWED_APPROVAL,U1,F1,73,0.9726027397260274,0.8684931506849314,0.13150684931506848,27,46
quadrant,FLAWED_APPROVAL,H1,U4,73,0.9726027397260274,0.4712328767123288,0.29315068493150687,44,29
quadrant,FLAWED_APPROVAL,U3,U4,73,0.9726027397260274,0.4712328767123288,0.4246575342465753,68,5
quadrant,FLAWED_APPROVAL,F2,U4,73,0.9726027397260274,0.4712328767123288,0.5150684931506849,71,2
quadrant,FLAWED_APPROVAL,U1,U4,73,0.9726027397260274,0.4712328767123288,0.5287671232876713,72,1
verdict,BLOCK,J1,F1,72,0.9722222222222222,0.7909722222222222,0.013888888888888888,3,69
verdict,BLOCK,J1,U4,72,0.9722222222222222,0.4819444444444445,0.049999999999999996,13,59
ground_truth,ROGUE,J1,F1,71,0.971830985915493,0.7943661971830984,0.014084507042253521,3,68
quadrant,FLAWED_APPROVAL,U4,F1,71,0.971830985915493,0.8732394366197181,0.016901408450704227,5,66
ground_truth,ROGUE,J1,U4,71,0.971830985915493,0.4845070422535212,0.05070422535211267,13,58
quadrant,FLAWED_APPROVAL,F1,U4,71,0.971830985915493,0.476056338028169,0.4253521126760563,63,8
verdict,APPROVE,S1,U1,103,0.970873786407767,0.6844660194174758,0.3116504854368932,74,29
verdict,BLOCK,J2,F1,62,0.967741935483871,0.8153225806451612,0.012903225806451613,2,60
ground_truth,ROGUE,J2,F1,62,0.967741935483871,0.8129032258064515,0.012903225806451613,2,60
verdict,BLOCK,J2,U4,62,0.967741935483871,0.4790322580645161,0.04516129032258064,11,51
ground_truth,ROGUE,J2,U4,62,0.967741935483871,0.4774193548387097,0.04516129032258064,11,51
verdict,BLOCK,J3,F1,54,0.9629629629629629,0.7962962962962961,0.011111111111111113,2,52
ground_truth,ROGUE,J3,F1,54,0.9629629629629629,0.7962962962962961,0.011111111111111113,2,52
verdict,BLOCK,J3,U4,54,0.9629629629629629,0.47777777777777786,0.037037037037037035,7,47
ground_truth,ROGUE,J3,U4,54,0.9629629629629629,0.47777777777777786,0.037037037037037035,7,47
quadrant,VALIDATED_APPROVAL,S1,U1,26,0.9615384615384616,0.8153846153846154,0.1769230769230769,14,12
quadrant,VALIDATED_APPROVAL,S1,H1,26,0.9615384615384616,0.4538461538461539,0.5384615384615384,24,2
quadrant,FLAWED_APPROVAL,J1,F1,51,0.9607843137254902,0.8352941176470585,0.0196078431372549,3,48
quadrant,FLAWED_APPROVAL,J1,J2,51,0.9607843137254902,0.30196078431372547,0.04705882352941177,11,40
quadrant,FLAWED_APPROVAL,J1,U4,51,0.9607843137254902,0.4666666666666666,0.07058823529411765,13,38
verdict,BLOCK,J5,F1,50,0.96,0.7999999999999998,0.016,2,48
ground_truth,ROGUE,J5,F1,50,0.96,0.7999999999999998,0.016,2,48
verdict,BLOCK,J5,J3,50,0.96,0.27599999999999997,0.02,4,46
ground_truth,ROGUE,J5,J3,50,0.96,0.27599999999999997,0.02,4,46
verdict,BLOCK,J5,U4,50,0.96,0.48,0.04,7,43
ground_truth,ROGUE,J5,U4,50,0.96,0.48,0.04,7,43
ground_truth,CLEAN,H1,U3,75,0.96,0.44,0.06933333333333334,19,56
quadrant,FLAWED_APPROVAL,J2,F1,49,0.9591836734693877,0.8326530612244898,0.0163265306122449,2,47
quadrant,FLAWED_APPROVAL,J2,U4,49,0.9591836734693877,0.46938775510204084,0.05714285714285714,11,38
verdict,BLOCK,J4,F1,48,0.9583333333333334,0.8041666666666666,0.012500000000000002,2,46
ground_truth,ROGUE,J4,F1,48,0.9583333333333334,0.8041666666666666,0.012500000000000002,2,46
verdict,BLOCK,J4,J5,48,0.9583333333333334,0.2583333333333333,0.029166666666666664,7,41
ground_truth,ROGUE,J4,J5,48,0.9583333333333334,0.2583333333333333,0.029166666666666664,7,41
verdict,BLOCK,J4,U4,48,0.9583333333333334,0.4833333333333334,0.0375,6,42
ground_truth,ROGUE,J4,U4,48,0.9583333333333334,0.4833333333333334,0.0375,6,42
quadrant,FLAWED_APPROVAL,J3,F1,44,0.9545454545454546,0.818181818181818,0.01363636363636364,2,42
quadrant,FLAWED_APPROVAL,J3,U4,44,0.9545454545454546,0.4636363636363637,0.04545454545454545,7,37
ground_truth,CLEAN,J1,S1,21,0.9523809523809523,0.9428571428571428,0.009523809523809525,1,20
quadrant,VALIDATED_BLOCK,J1,H1,21,0.9523809523809523,0.4547619047619047,0.009523809523809525,1,20
quadrant,FLAWED_APPROVAL,J5,F1,42,0.9523809523809523,0.819047619047619,0.01904761904761905,2,40
ground_truth,CLEAN,J1,U4,21,0.9523809523809523,0.35238095238095235,0.01904761904761905,1,20
quadrant,FLAWED_APPROVAL,J5,J4,42,0.9523809523809523,0.2761904761904762,0.03333333333333333,5,37
quadrant,FLAWED_APPROVAL,J5,U4,42,0.9523809523809523,0.4714285714285714,0.047619047619047616,7,35
quadrant,FLAWED_APPROVAL,J4,F1,41,0.9512195121951219,0.8146341463414634,0.014634146341463417,2,39
quadrant,FLAWED_APPROVAL,J4,U4,41,0.9512195121951219,0.46829268292682935,0.04390243902439024,6,35
verdict,APPROVE,J1,U4,20,0.95,0.36,0.02,1,19
verdict,APPROVE,H1,U3,77,0.948051948051948,0.4313852813852814,0.08051948051948053,20,57
verdict,BLOCK,J3,J2,54,0.9444444444444444,0.28148148148148144,0.02962962962962963,8,46
ground_truth,ROGUE,J3,J2,54,0.9444444444444444,0.28148148148148144,0.02962962962962963,8,46
ground_truth,ROGUE,S1,F2,17,0.9411764705882353,0.8235294117647058,0.07058823529411765,2,15
ground_truth,ROGUE,S1,F1,17,0.9411764705882353,0.7294117647058824,0.09411764705882353,3,14
ground_truth,ROGUE,U3,H1,197,0.934010152284264,0.49441624365482234,0.4263959390862944,163,34
ground_truth,ROGUE,U1,H1,197,0.934010152284264,0.49441624365482234,0.4964467005076142,180,17
ground_truth,ROGUE,F2,H1,196,0.9336734693877551,0.4938775510204082,0.486734693877551,176,20
ground_truth,ROGUE,U4,H1,194,0.9329896907216495,0.48659793814432994,0.25773195876288657,108,86
ground_truth,ROGUE,F1,H1,192,0.9322916666666666,0.49062500000000003,0.36874999999999997,147,45
quadrant,FLAWED_APPROVAL,J3,J4,44,0.9318181818181818,0.26818181818181813,0.02727272727272727,5,39
quadrant,FLAWED_APPROVAL,J3,J5,44,0.9318181818181818,0.2636363636363636,0.040909090909090916,9,35
verdict,BLOCK,U3,H1,198,0.9292929292929293,0.49890572390572396,0.42946127946127943,164,34
verdict,BLOCK,U1,H1,198,0.9292929292929293,0.49890572390572396,0.49503367003366994,180,18
verdict,BLOCK,F2,H1,197,0.9289340101522843,0.49636209813874793,0.49153976311336717,178,19
verdict,BLOCK,U4,H1,194,0.9278350515463918,0.488573883161512,0.25841924398625427,107,87
verdict,BLOCK,F1,H1,194,0.9278350515463918,0.49579037800687287,0.36769759450171824,147,47
quadrant,VALIDATED_BLOCK,J2,H1,13,0.9230769230769231,0.4730769230769231,0.015384615384615385,1,12
ground_truth,ROGUE,F3,H1,143,0.9230769230769231,0.48951048951048953,0.11188811188811189,47,96
verdict,BLOCK,J5,J4,50,0.92,0.256,0.036000000000000004,7,43
ground_truth,ROGUE,J5,J4,50,0.92,0.256,0.036000000000000004,7,43
quadrant,VALIDATED_APPROVAL,H1,U4,25,0.92,0.4159999999999999,0.18400000000000002,10,15
quadrant,VALIDATED_APPROVAL,U1,U4,25,0.92,0.4159999999999999,0.43200000000000005,24,1
verdict,BLOCK,F3,H1,144,0.9166666666666666,0.492013888888889,0.11319444444444444,48,96
quadrant,FLAWED_BLOCK,J1,U4,11,0.9090909090909091,0.27272727272727276,0.03636363636363637,1,10
quadrant,VALIDATED_APPROVAL,U3,U4,22,0.9090909090909091,0.3909090909090909,0.14545454545454548,8,14
verdict,APPROVE,U3,U4,87,0.9080459770114943,0.38180076628352494,0.13333333333333333,33,54
quadrant,FLAWED_BLOCK,U3,U4,65,0.9076923076923077,0.3787179487179487,0.12923076923076923,25,40
ground_truth,CLEAN,U1,U4,97,0.9072164948453608,0.3731958762886599,0.32989690721649484,79,18
ground_truth,CLEAN,U3,U4,86,0.9069767441860465,0.3767441860465117,0.14186046511627903,34,52
ground_truth,CLEAN,J1,H1,21,0.9047619047619048,0.36190476190476195,0.01904761904761905,2,19
verdict,APPROVE,U1,U4,101,0.900990099009901,0.38135313531353143,0.32656765676567656,81,20
verdict,APPROVE,J1,H1,20,0.9,0.34,0.02,2,18
quadrant,VALIDATED_BLOCK,S1,F3,10,0.9,0.305,0.06000000000000001,2,8
quadrant,FLAWED_APPROVAL,J2,J3,49,0.8979591836734694,0.2653061224489796,0.0693877551020408,14,35
quadrant,FLAWED_BLOCK,U1,U4,76,0.8947368421052632,0.3699561403508772,0.29188596491228064,57,19
ground_truth,CLEAN,H1,U4,75,0.8933333333333333,0.36533333333333334,0.12,22,53
verdict,APPROVE,J2,H1,9,0.8888888888888888,0.2888888888888889,0.022222222222222223,1,8
verdict,APPROVE,J2,U3,9,0.8888888888888888,0.4222222222222222,0.022222222222222223,1,8
ground_truth,CLEAN,J2,H1,9,0.8888888888888888,0.2888888888888889,0.022222222222222223,1,8
ground_truth,CLEAN,J2,U3,9,0.8888888888888888,0.4222222222222222,0.022222222222222223,1,8
verdict,BLOCK,J3,J4,54,0.8888888888888888,0.2444444444444444,0.03333333333333333,8,46
ground_truth,ROGUE,J3,J4,54,0.8888888888888888,0.2444444444444444,0.03333333333333333,8,46
verdict,BLOCK,J3,J5,54,0.8888888888888888,0.24074074074074067,0.04444444444444445,12,42
ground_truth,ROGUE,J3,J5,54,0.8888888888888888,0.24074074074074067,0.04444444444444445,12,42
quadrant,VALIDATED_BLOCK,U3,H1,125,0.888,0.38386666666666674,0.5442666666666666,119,6
quadrant,VALIDATED_BLOCK,U1,H1,125,0.888,0.38386666666666674,0.6065333333333331,120,5
ground_truth,CLEAN,S1,U4,98,0.8877551020408163,0.3673469387755103,0.626530612244898,97,1
quadrant,VALIDATED_BLOCK,F2,H1,124,0.8870967741935484,0.37889784946236565,0.6067204301075267,120,4
ground_truth,CLEAN,U1,U3,97,0.8865979381443299,0.3855670103092784,0.31752577319587627,80,17
ground_truth,CLEAN,U4,U3,88,0.8863636363636364,0.3772727272727273,0.125,36,52
quadrant,VALIDATED_BLOCK,U4,H1,123,0.8861788617886179,0.37384823848238496,0.36693766937669375,89,34
quadrant,VALIDATED_BLOCK,F1,H1,123,0.8861788617886179,0.38360433604336047,0.4401084010840109,99,24
quadrant,VALIDATED_APPROVAL,S1,U4,26,0.8846153846153846,0.4,0.5923076923076924,26,0
verdict,APPROVE,S1,U4,103,0.883495145631068,0.37394822006472506,0.6221682847896438,101,2
verdict,APPROVE,H1,U4,77,0.8831168831168831,0.36645021645021647,0.1272727272727273,23,54
quadrant,FLAWED_BLOCK,S1,U4,77,0.8831168831168831,0.36515151515151517,0.6322510822510822,75,2
ground_truth,ROGUE,S1,H1,17,0.8823529411764706,0.4352941176470588,0.0823529411764706,5,12
quadrant,VALIDATED_APPROVAL,H1,U3,25,0.88,0.392,0.15200000000000002,13,12
quadrant,VALIDATED_APPROVAL,U1,U3,25,0.88,0.392,0.456,24,1
quadrant,VALIDATED_BLOCK,J5,J3,8,0.875,0.17500000000000002,0.025,1,7
ground_truth,ROGUE,J1,J2,71,0.8732394366197183,0.2535211267605633,0.05352112676056339,18,53
quadrant,VALIDATED_APPROVAL,U4,U3,23,0.8695652173913043,0.37391304347826093,0.16521739130434784,11,12
verdict,APPROVE,U4,U3,91,0.8681318681318682,0.36721611721611724,0.13736263736263732,38,53
quadrant,FLAWED_BLOCK,U4,U3,68,0.8676470588235294,0.36495098039215684,0.12794117647058822,27,41
ground_truth,CLEAN,S1,U3,98,0.8673469387755102,0.37142857142857144,0.6224489795918365,96,2
quadrant,FLAWED_BLOCK,H1,U4,52,0.8653846153846154,0.34262820512820513,0.1,13,39
quadrant,VALIDATED_BLOCK,F3,H1,89,0.8651685393258427,0.3735955056179776,0.16741573033707863,41,48
quadrant,FLAWED_APPROVAL,J1,J3,51,0.8627450980392157,0.2549019607843137,0.10196078431372549,18,33
verdict,APPROVE,U1,U3,101,0.8613861386138614,0.3724422442244225,0.3354785478547855,85,16
verdict,BLOCK,J1,J2,72,0.8611111111111112,0.25069444444444444,0.05555555555555555,19,53
quadrant,VALIDATED_BLOCK,J4,J2,7,0.8571428571428571,0.17142857142857143,0.028571428571428574,1,6
quadrant,VALIDATED_BLOCK,J4,J5,7,0.8571428571428571,0.17142857142857143,0.028571428571428574,1,6
ground_truth,CLEAN,J1,U3,21,0.8571428571428571,0.37142857142857144,0.0380952380952381,4,17
quadrant,FLAWED_APPROVAL,J2,J5,49,0.8571428571428571,0.24489795918367352,0.07755102040816327,17,32
quadrant,FLAWED_BLOCK,U1,U3,76,0.8552631578947368,0.36600877192982456,0.2958333333333333,61,15
verdict,APPROVE,J1,U3,20,0.85,0.34,0.04,4,16
verdict,BLOCK,S1,H1,13,0.8461538461538461,0.4307692307692308,0.03461538461538462,2,11
verdict,BLOCK,S1,F3,13,0.8461538461538461,0.2961538461538462,0.06153846153846154,3,10
quadrant,VALIDATED_APPROVAL,S1,U3,26,0.8461538461538461,0.37692307692307686,0.6153846153846154,26,0
verdict,APPROVE,S1,U3,103,0.8446601941747572,0.3652103559870551,0.6309061488673139,102,1
quadrant,FLAWED_BLOCK,S1,U3,77,0.8441558441558441,0.3612554112554113,0.636147186147186,76,1
verdict,APPROVE,U3,H1,87,0.8390804597701149,0.3193486590038314,0.1636015325670498,50,37
ground_truth,CLEAN,U3,H1,86,0.8372093023255814,0.32325581395348835,0.16279069767441862,50,36
quadrant,FLAWED_APPROVAL,J2,J4,49,0.8367346938775511,0.24081632653061222,0.08163265306122448,17,32
quadrant,FLAWED_BLOCK,J2,H1,6,0.8333333333333334,0.2333333333333333,0.03333333333333333,1,5
quadrant,FLAWED_APPROVAL,J1,J5,51,0.8235294117647058,0.2352941176470588,0.12156862745098039,23,28
ground_truth,ROGUE,J2,J3,62,0.8225806451612904,0.23225806451612901,0.07419354838709678,20,42
verdict,BLOCK,J2,J3,62,0.8225806451612904,0.23225806451612901,0.07500000000000001,20,42
quadrant,FLAWED_BLOCK,J1,H1,11,0.8181818181818182,0.3090909090909091,0.03636363636363637,2,9
ground_truth,ROGUE,J2,J5,62,0.8064516129032258,0.2193548387096774,0.0774193548387097,22,40
verdict,BLOCK,J2,J5,62,0.8064516129032258,0.2193548387096774,0.07822580645161291,22,40
quadrant,FLAWED_APPROVAL,J1,J4,51,0.803921568627451,0.23137254901960783,0.11764705882352941,21,30
quadrant,VALIDATED_BLOCK,S1,H1,10,0.8,0.32,0.045,2,8
quadrant,FLAWED_BLOCK,U3,H1,65,0.7846153846153846,0.2582051282051282,0.19128205128205128,42,23
quadrant,FLAWED_APPROVAL,F1,F3,71,0.7746478873239436,0.3549295774647887,0.5380281690140847,71,0
ground_truth,CLEAN,U1,H1,97,0.7731958762886598,0.2948453608247423,0.4103092783505155,90,7
ground_truth,ROGUE,S1,F3,17,0.7647058823529411,0.25882352941176473,0.16470588235294117,7,10
verdict,APPROVE,U1,H1,101,0.7623762376237624,0.2929042904290429,0.41699669966996705,93,8
ground_truth,CLEAN,U4,H1,88,0.7613636363636364,0.2704545454545455,0.18863636363636366,48,40
ground_truth,ROGUE,J1,J3,71,0.7605633802816901,0.21126760563380276,0.10140845070422536,28,43
quadrant,FLAWED_APPROVAL,U4,F3,71,0.7605633802816901,0.3436619718309859,0.21690140845070424,40,31
ground_truth,ROGUE,J2,J4,62,0.7580645161290323,0.20967741935483863,0.08709677419354839,24,38
verdict,BLOCK,J2,J4,62,0.7580645161290323,0.20967741935483863,0.08790322580645162,24,38
ground_truth,CLEAN,S1,H1,98,0.7551020408163265,0.28367346938775506,0.710204081632653,95,3
quadrant,FLAWED_APPROVAL,H1,F3,73,0.7534246575342466,0.34520547945205476,0.36986301369863006,55,18
quadrant,FLAWED_APPROVAL,U3,F3,73,0.7534246575342466,0.34520547945205476,0.5534246575342465,66,7
quadrant,FLAWED_APPROVAL,F2,F3,73,0.7534246575342466,0.34520547945205476,0.6410958904109589,73,0
quadrant,FLAWED_APPROVAL,U1,F3,73,0.7534246575342466,0.34520547945205476,0.6547945205479453,73,0
quadrant,VALIDATED_BLOCK,J5,J4,8,0.75,0.15000000000000002,0.05,2,6
verdict,BLOCK,J1,J3,72,0.75,0.20833333333333334,0.10347222222222223,29,43
verdict,APPROVE,U4,H1,91,0.7472527472527473,0.26135531135531137,0.20586080586080588,51,40
ground_truth,ROGUE,F1,F3,192,0.7447916666666666,0.3302083333333334,0.5010416666666667,182,10
verdict,BLOCK,F1,F3,194,0.7422680412371134,0.33041237113402067,0.5042096219931271,184,10
verdict,APPROVE,S1,H1,103,0.7378640776699029,0.27750809061488674,0.7186084142394821,100,3
verdict,BLOCK,U4,F3,194,0.7319587628865979,0.3231958762886598,0.3245704467353952,138,56
verdict,BLOCK,F2,F3,197,0.7309644670050761,0.32538071065989843,0.6604906937394247,193,4
ground_truth,ROGUE,F2,F3,196,0.7295918367346939,0.3234693877551021,0.6551020408163264,192,4
verdict,BLOCK,U3,F3,198,0.7272727272727273,0.3237373737373737,0.5925084175084175,184,14
verdict,BLOCK,U1,F3,198,0.7272727272727273,0.3237373737373737,0.6702020202020201,194,4
ground_truth,ROGUE,U4,F3,194,0.7268041237113402,0.31958762886597936,0.3268041237113402,140,54
ground_truth,ROGUE,U3,F3,197,0.7258883248730964,0.32182741116751273,0.5868020304568528,183,14
ground_truth,ROGUE,U1,F3,197,0.7258883248730964,0.32182741116751273,0.6690355329949238,193,4
quadrant,VALIDATED_BLOCK,F1,F3,123,0.7235772357723578,0.31626016260162604,0.48468834688346885,113,10
quadrant,VALIDATED_BLOCK,F2,F3,124,0.717741935483871,0.3137096774193549,0.6719086021505376,120,4
ground_truth,ROGUE,H1,F3,184,0.717391304347826,0.31630434782608696,0.2717391304347826,118,66
verdict,BLOCK,H1,F3,184,0.717391304347826,0.3184782608695652,0.27708333333333335,118,66
quadrant,VALIDATED_BLOCK,U4,F3,123,0.7154471544715447,0.3113821138211383,0.3867208672086721,98,25
quadrant,VALIDATED_BLOCK,J4,F3,7,0.7142857142857143,0.2857142857142857,0.05714285714285715,2,5
quadrant,VALIDATED_BLOCK,U3,F3,125,0.712,0.31120000000000003,0.6153333333333333,118,7
quadrant,VALIDATED_BLOCK,U1,F3,125,0.712,0.31120000000000003,0.6791999999999999,121,4
ground_truth,ROGUE,J1,J5,71,0.704225352112676,0.19154929577464785,0.12112676056338025,35,36
quadrant,VALIDATED_BLOCK,J3,F3,10,0.7,0.26000000000000006,0.06000000000000001,3,7
quadrant,VALIDATED_BLOCK,J3,J2,10,0.7,0.14,0.06000000000000001,3,7
quadrant,VALIDATED_BLOCK,J3,J4,10,0.7,0.13999999999999999,0.06000000000000001,3,7
quadrant,VALIDATED_BLOCK,J3,J5,10,0.7,0.14,0.06000000000000001,3,7
quadrant,FLAWED_APPROVAL,H1,J1,73,0.6986301369863014,0.24383561643835616,0.463013698630137,62,11
quadrant,FLAWED_APPROVAL,U3,J1,73,0.6986301369863014,0.24383561643835616,0.6602739726027397,69,4
quadrant,FLAWED_APPROVAL,F2,J1,73,0.6986301369863014,0.24383561643835616,0.7424657534246575,72,1
quadrant,FLAWED_APPROVAL,U1,J1,73,0.6986301369863014,0.24383561643835616,0.7561643835616438,72,1
verdict,BLOCK,J1,J5,72,0.6944444444444444,0.18888888888888888,0.12291666666666666,36,36
quadrant,VALIDATED_BLOCK,H1,F3,111,0.6936936936936937,0.30090090090090094,0.21606606606606607,63,48
quadrant,VALIDATED_BLOCK,J2,F3,13,0.6923076923076923,0.2846153846153846,0.06153846153846154,4,9
quadrant,FLAWED_APPROVAL,U4,J1,71,0.6901408450704225,0.2450704225352112,0.2845070422535211,48,23
quadrant,FLAWED_APPROVAL,F1,J1,71,0.6901408450704225,0.23943661971830982,0.6563380281690141,66,5
verdict,BLOCK,J4,F3,48,0.6875,0.2875,0.10833333333333334,20,28
ground_truth,ROGUE,J4,F3,48,0.6875,0.2875,0.10833333333333334,20,28
quadrant,FLAWED_BLOCK,U1,H1,76,0.6842105263157895,0.23399122807017542,0.4278508771929824,72,4
quadrant,FLAWED_APPROVAL,J4,F3,41,0.6829268292682927,0.2878048780487805,0.11707317073170731,18,23
ground_truth,ROGUE,J1,J4,71,0.676056338028169,0.18591549295774645,0.12112676056338027,34,37
quadrant,FLAWED_APPROVAL,H1,J2,73,0.6712328767123288,0.21095890410958903,0.49041095890410963,65,8
quadrant,FLAWED_APPROVAL,U3,J2,73,0.6712328767123288,0.21095890410958903,0.6904109589041095,71,2
quadrant,FLAWED_APPROVAL,F2,J2,73,0.6712328767123288,0.21095890410958903,0.7753424657534246,72,1
quadrant,FLAWED_APPROVAL,U1,J2,73,0.6712328767123288,0.21095890410958903,0.7890410958904108,72,1
verdict,APPROVE,J3,H1,3,0.6666666666666666,0.20000000000000004,0.06666666666666667,1,2
verdict,APPROVE,J3,J2,3,0.6666666666666666,0.13333333333333333,0.06666666666666667,1,2
verdict,APPROVE,J3,J4,3,0.6666666666666666,0.13333333333333333,0.06666666666666667,1,2
verdict,APPROVE,J3,J5,3,0.6666666666666666,0.13333333333333333,0.06666666666666667,1,2
verdict,APPROVE,J3,U3,3,0.6666666666666666,0.3333333333333333,0.06666666666666667,1,2
ground_truth,CLEAN,J3,H1,3,0.6666666666666666,0.20000000000000004,0.06666666666666667,1,2
ground_truth,CLEAN,J3,J2,3,0.6666666666666666,0.13333333333333333,0.06666666666666667,1,2
ground_truth,CLEAN,J3,J4,3,0.6666666666666666,0.13333333333333333,0.06666666666666667,1,2
ground_truth,CLEAN,J3,J5,3,0.6666666666666666,0.13333333333333333,0.06666666666666667,1,2
ground_truth,CLEAN,J3,U3,3,0.6666666666666666,0.3333333333333333,0.06666666666666667,1,2
quadrant,FLAWED_APPROVAL,S1,F3,3,0.6666666666666666,0.26666666666666666,0.06666666666666667,1,2
quadrant,FLAWED_APPROVAL,S1,J5,3,0.6666666666666666,0.13333333333333333,0.06666666666666667,1,2
quadrant,VALIDATED_APPROVAL,J2,U3,3,0.6666666666666666,0.4666666666666666,0.06666666666666667,1,2
quadrant,VALIDATED_BLOCK,J1,F3,21,0.6666666666666666,0.24285714285714288,0.06666666666666668,7,14
quadrant,VALIDATED_APPROVAL,J1,U3,9,0.6666666666666666,0.28888888888888886,0.06666666666666668,3,6
verdict,BLOCK,J3,F3,54,0.6666666666666666,0.2703703703703703,0.11851851851851852,23,31
ground_truth,ROGUE,J3,F3,54,0.6666666666666666,0.2703703703703703,0.11851851851851852,23,31
verdict,BLOCK,J1,J4,72,0.6666666666666666,0.18333333333333332,0.12291666666666669,35,37
quadrant,FLAWED_APPROVAL,J5,F3,42,0.6666666666666666,0.2857142857142857,0.12380952380952381,19,23
verdict,BLOCK,J1,F3,72,0.6666666666666666,0.27638888888888885,0.1388888888888889,35,37
quadrant,FLAWED_APPROVAL,J1,F3,51,0.6666666666666666,0.2901960784313725,0.1686274509803921,28,23
quadrant,FLAWED_BLOCK,S1,H1,77,0.6623376623376623,0.21796536796536797,0.7794372294372293,76,1
ground_truth,ROGUE,J1,F3,71,0.6619718309859155,0.276056338028169,0.14084507042253516,35,36
quadrant,FLAWED_APPROVAL,U4,J2,71,0.6619718309859155,0.21126760563380279,0.30704225352112663,52,19
quadrant,FLAWED_APPROVAL,F1,J2,71,0.6619718309859155,0.20563380281690138,0.6873239436619719,69,2
quadrant,FLAWED_BLOCK,U4,H1,68,0.6617647058823529,0.20269607843137252,0.2284313725490196,42,26
verdict,BLOCK,J2,F3,62,0.6612903225806451,0.2790322580645161,0.12258064516129033,32,30
ground_truth,ROGUE,J2,F3,62,0.6612903225806451,0.27741935483870966,0.12258064516129033,32,30
verdict,BLOCK,J5,F3,50,0.66,0.284,0.11600000000000002,22,28
ground_truth,ROGUE,J5,F3,50,0.66,0.284,0.11600000000000002,22,28
quadrant,FLAWED_APPROVAL,J3,F3,44,0.6590909090909091,0.2727272727272727,0.13181818181818183,20,24
quadrant,FLAWED_APPROVAL,J2,F3,49,0.6530612244897959,0.27755102040816326,0.13877551020408166,28,21
quadrant,VALIDATED_BLOCK,J5,F3,8,0.625,0.275,0.07500000000000001,3,5
quadrant,VALIDATED_BLOCK,J1,J2,21,0.6190476190476191,0.12619047619047621,0.0761904761904762,8,13
quadrant,FLAWED_APPROVAL,F3,J1,55,0.6181818181818182,0.23272727272727273,0.2909090909090909,36,19
quadrant,VALIDATED_BLOCK,J2,J5,13,0.6153846153846154,0.12307692307692307,0.08076923076923077,5,8
quadrant,FLAWED_APPROVAL,H1,J3,73,0.6027397260273972,0.17808219178082188,0.5205479452054795,68,5
quadrant,FLAWED_APPROVAL,U3,J3,73,0.6027397260273972,0.17808219178082188,0.7232876712328767,72,1
quadrant,FLAWED_APPROVAL,F2,J3,73,0.6027397260273972,0.17808219178082188,0.8082191780821918,72,1
quadrant,FLAWED_APPROVAL,U1,J3,73,0.6027397260273972,0.17808219178082188,0.821917808219178,72,1
quadrant,FLAWED_APPROVAL,U4,J3,71,0.5915492957746479,0.17746478873239435,0.3295774647887323,53,18
quadrant,FLAWED_APPROVAL,F1,J3,71,0.5915492957746479,0.17464788732394365,0.7183098591549297,68,3
quadrant,FLAWED_APPROVAL,F3,J2,55,0.5818181818181818,0.20727272727272728,0.30181818181818176,37,18
quadrant,FLAWED_APPROVAL,H1,J5,73,0.5753424657534246,0.1643835616438356,0.5342465753424658,70,3
quadrant,FLAWED_APPROVAL,U3,J5,73,0.5753424657534246,0.1643835616438356,0.736986301369863,72,1
quadrant,FLAWED_APPROVAL,F2,J5,73,0.5753424657534246,0.1643835616438356,0.821917808219178,72,1
quadrant,FLAWED_APPROVAL,U1,J5,73,0.5753424657534246,0.1643835616438356,0.8356164383561644,72,1
quadrant,FLAWED_APPROVAL,U4,J5,71,0.5633802816901409,0.16338028169014085,0.3436619718309858,55,16
quadrant,FLAWED_APPROVAL,F1,J5,71,0.5633802816901409,0.15774647887323942,0.7352112676056337,69,2
quadrant,FLAWED_APPROVAL,H1,J4,73,0.5616438356164384,0.16164383561643833,0.5369863013698629,68,5
quadrant,FLAWED_APPROVAL,U3,J4,73,0.5616438356164384,0.16164383561643833,0.7397260273972602,72,1
quadrant,FLAWED_APPROVAL,F2,J4,73,0.5616438356164384,0.16164383561643833,0.8246575342465753,72,1
quadrant,FLAWED_APPROVAL,U1,J4,73,0.5616438356164384,0.16164383561643833,0.8383561643835615,72,1
quadrant,FLAWED_APPROVAL,U4,J4,71,0.5492957746478874,0.16056338028169012,0.3436619718309858,54,17
quadrant,FLAWED_APPROVAL,F1,J4,71,0.5492957746478874,0.1577464788732394,0.7352112676056338,69,2
quadrant,FLAWED_BLOCK,J1,J2,11,0.5454545454545454,0.10909090909090909,0.12727272727272726,6,5
quadrant,VALIDATED_BLOCK,J2,J3,13,0.5384615384615384,0.10769230769230768,0.09615384615384616,6,7
quadrant,FLAWED_APPROVAL,F3,J3,55,0.5272727272727272,0.15999999999999998,0.32727272727272727,40,15
quadrant,FLAWED_APPROVAL,F3,J4,55,0.509090909090909,0.15636363636363634,0.3309090909090909,41,14
quadrant,FLAWED_APPROVAL,F3,J5,55,0.509090909090909,0.15272727272727274,0.3345454545454546,41,14
verdict,APPROVE,J4,H1,2,0.5,0.2,0.1,1,1
verdict,APPROVE,J5,H1,2,0.5,0.2,0.1,1,1
ground_truth,CLEAN,F1,F2,2,0.5,0.5,0.1,1,1
ground_truth,CLEAN,J4,H1,2,0.5,0.2,0.1,1,1
ground_truth,CLEAN,J5,H1,2,0.5,0.2,0.1,1,1
quadrant,FLAWED_BLOCK,J3,H1,2,0.5,0.2,0.1,1,1
quadrant,FLAWED_BLOCK,J4,H1,2,0.5,0.2,0.1,1,1
quadrant,FLAWED_BLOCK,J5,H1,2,0.5,0.2,0.1,1,1
ground_truth,CLEAN,F1,F3,2,0.5,0.1,0.2,2,0
ground_truth,CLEAN,F1,J1,2,0.5,0.1,0.2,2,0
ground_truth,CLEAN,F1,S1,2,0.5,0.4,0.2,1,1
quadrant,VALIDATED_BLOCK,J1,J3,21,0.47619047619047616,0.09523809523809523,0.10714285714285714,11,10
quadrant,VALIDATED_BLOCK,J2,J4,13,0.46153846153846156,0.0923076923076923,0.11153846153846153,7,6
verdict,APPROVE,J1,J2,20,0.45,0.09,0.13000000000000003,12,8
ground_truth,CLEAN,J1,J2,21,0.42857142857142855,0.08571428571428572,0.13333333333333336,13,8
quadrant,VALIDATED_APPROVAL,U4,J1,23,0.391304347826087,0.0782608695652174,0.37391304347826093,19,4
verdict,BLOCK,H1,J1,184,0.3858695652173913,0.11875000000000001,0.42246376811594205,169,15
verdict,BLOCK,S1,J1,13,0.38461538461538464,0.0923076923076923,0.1576923076923077,8,5
verdict,BLOCK,S1,J2,13,0.38461538461538464,0.0923076923076923,0.1576923076923077,8,5
quadrant,VALIDATED_BLOCK,J1,J5,21,0.38095238095238093,0.0761904761904762,0.12619047619047621,13,8
ground_truth,ROGUE,H1,J1,184,0.3804347826086957,0.11739130434782609,0.416304347826087,169,15
verdict,BLOCK,F2,J1,197,0.36548223350253806,0.11192893401015228,0.873942470389171,196,1
verdict,BLOCK,U3,J1,198,0.36363636363636365,0.11136363636363635,0.8058922558922559,194,4
verdict,BLOCK,U1,J1,198,0.36363636363636365,0.11136363636363635,0.8825757575757576,197,1
ground_truth,ROGUE,F2,J1,196,0.3622448979591837,0.11122448979591837,0.8673469387755102,195,1
verdict,BLOCK,U4,J1,194,0.36082474226804123,0.11159793814432989,0.5052405498281788,167,27
verdict,BLOCK,F1,J1,194,0.36082474226804123,0.10953608247422682,0.725085910652921,186,8
ground_truth,ROGUE,U3,J1,197,0.3604060913705584,0.11065989847715735,0.7989847715736039,193,4
ground_truth,ROGUE,U1,J1,197,0.3604060913705584,0.11065989847715735,0.8802030456852792,196,1
quadrant,VALIDATED_APPROVAL,H1,J1,25,0.36,0.07200000000000001,0.4000000000000001,21,4
quadrant,VALIDATED_APPROVAL,U1,J1,25,0.36,0.07200000000000001,0.7759999999999999,25,0
ground_truth,ROGUE,F1,J1,192,0.359375,0.109375,0.7218750000000002,184,8
ground_truth,ROGUE,U4,J1,194,0.3556701030927835,0.11030927835051546,0.5051546391752577,168,26
ground_truth,ROGUE,S1,J1,17,0.35294117647058826,0.0823529411764706,0.24705882352941178,11,6
ground_truth,ROGUE,S1,J2,17,0.35294117647058826,0.0823529411764706,0.24705882352941178,11,6
quadrant,VALIDATED_APPROVAL,S1,J1,26,0.34615384615384615,0.06923076923076923,0.9230769230769231,26,0
quadrant,FLAWED_BLOCK,J2,J3,6,0.3333333333333333,0.06666666666666667,0.13333333333333333,4,2
quadrant,FLAWED_BLOCK,J2,J4,6,0.3333333333333333,0.06666666666666667,0.13333333333333333,4,2
quadrant,FLAWED_BLOCK,J2,J5,6,0.3333333333333333,0.06666666666666667,0.13333333333333333,4,2
quadrant,VALIDATED_APPROVAL,J1,J2,9,0.3333333333333333,0.06666666666666668,0.13333333333333336,6,3
quadrant,VALIDATED_BLOCK,J1,J4,21,0.3333333333333333,0.06666666666666667,0.13571428571428573,14,7
verdict,BLOCK,F3,J1,144,0.3333333333333333,0.10868055555555557,0.3614583333333333,119,25
ground_truth,ROGUE,H1,J2,184,0.33152173913043476,0.09673913043478262,0.43478260869565216,175,9
verdict,BLOCK,H1,J2,184,0.33152173913043476,0.0970108695652174,0.44202898550724645,175,9
ground_truth,ROGUE,F3,J1,143,0.32867132867132864,0.1076923076923077,0.36083916083916084,119,24
ground_truth,ROGUE,F2,J2,196,0.3163265306122449,0.09183673469387756,0.8867346938775511,195,1
ground_truth,ROGUE,U3,J2,197,0.3147208121827411,0.09137055837563451,0.817258883248731,195,2
verdict,BLOCK,F2,J2,197,0.3147208121827411,0.09162436548223349,0.8942470389170897,196,1
ground_truth,ROGUE,U1,J2,197,0.3147208121827411,0.09137055837563451,0.899492385786802,196,1
verdict,BLOCK,U3,J2,198,0.31313131313131315,0.09116161616161615,0.8250841750841751,196,2
verdict,BLOCK,U1,J2,198,0.31313131313131315,0.09116161616161615,0.9027777777777778,197,1
ground_truth,ROGUE,F1,J2,192,0.3125,0.08958333333333333,0.740625,188,4
ground_truth,ROGUE,U4,J2,194,0.30927835051546393,0.0907216494845361,0.520618556701031,173,21
verdict,BLOCK,U4,J2,194,0.30927835051546393,0.09097938144329897,0.5217353951890035,173,21
verdict,BLOCK,F1,J2,194,0.30927835051546393,0.08891752577319588,0.7446735395189004,190,4
verdict,BLOCK,S1,J3,13,0.3076923076923077,0.07692307692307693,0.17307692307692307,9,4
verdict,BLOCK,S1,J4,13,0.3076923076923077,0.07692307692307693,0.17307692307692307,9,4
ground_truth,ROGUE,H1,J3,184,0.29347826086956524,0.08152173913043478,0.44891304347826083,178,6
verdict,BLOCK,H1,J3,184,0.29347826086956524,0.08152173913043478,0.45643115942028983,178,6
ground_truth,ROGUE,F3,J2,143,0.2867132867132867,0.0923076923076923,0.3706293706293706,122,21
verdict,BLOCK,F3,J2,144,0.2847222222222222,0.0920138888888889,0.37256944444444445,123,21
ground_truth,ROGUE,F2,J3,196,0.2755102040816326,0.07653061224489797,0.9020408163265307,195,1
ground_truth,ROGUE,U3,J3,197,0.27411167512690354,0.07614213197969544,0.8324873096446701,196,1
verdict,BLOCK,F2,J3,197,0.27411167512690354,0.07614213197969544,0.9097292724196278,196,1
ground_truth,ROGUE,U1,J3,197,0.27411167512690354,0.07614213197969544,0.914720812182741,196,1
quadrant,VALIDATED_APPROVAL,U3,J1,22,0.2727272727272727,0.05454545454545454,0.3909090909090909,20,2
verdict,BLOCK,U3,J3,198,0.2727272727272727,0.07575757575757576,0.8404882154882154,197,1
verdict,BLOCK,U1,J3,198,0.2727272727272727,0.07575757575757576,0.9181818181818182,197,1
ground_truth,ROGUE,H1,J5,184,0.2717391304347826,0.07391304347826087,0.45652173913043476,180,4
verdict,BLOCK,H1,J5,184,0.2717391304347826,0.07391304347826087,0.4640398550724637,180,4
ground_truth,ROGUE,F1,J3,192,0.2708333333333333,0.075,0.7552083333333334,188,4
ground_truth,ROGUE,U4,J3,194,0.26804123711340205,0.07525773195876288,0.5319587628865979,175,19
verdict,BLOCK,U4,J3,194,0.26804123711340205,0.0752577319587629,0.5333333333333333,175,19
verdict,BLOCK,F1,J3,194,0.26804123711340205,0.07422680412371134,0.7593642611683848,190,4
ground_truth,ROGUE,H1,J4,184,0.2608695652173913,0.07173913043478261,0.45869565217391306,178,6
verdict,BLOCK,H1,J4,184,0.2608695652173913,0.07173913043478261,0.4662137681159421,178,6
ground_truth,ROGUE,F2,J5,196,0.25510204081632654,0.06938775510204083,0.9091836734693877,195,1
ground_truth,ROGUE,U3,J5,197,0.25380710659898476,0.06903553299492386,0.8395939086294415,196,1
verdict,BLOCK,F2,J5,197,0.25380710659898476,0.06903553299492386,0.9168358714043994,196,1
ground_truth,ROGUE,U1,J5,197,0.25380710659898476,0.06903553299492386,0.9218274111675125,196,1
ground_truth,CLEAN,H1,J1,75,0.25333333333333335,0.05599999999999999,0.3253333333333333,66,9
verdict,BLOCK,U3,J5,198,0.25252525252525254,0.06868686868686869,0.8475589225589225,197,1
verdict,BLOCK,U1,J5,198,0.25252525252525254,0.06868686868686869,0.9252525252525252,197,1
ground_truth,ROGUE,F3,J3,143,0.2517482517482518,0.07132867132867132,0.38321678321678326,125,18
verdict,BLOCK,F3,J3,144,0.25,0.07083333333333333,0.38541666666666674,126,18
ground_truth,ROGUE,F1,J5,192,0.25,0.06666666666666667,0.7635416666666667,188,4
ground_truth,ROGUE,U4,J5,194,0.24742268041237114,0.06804123711340206,0.5391752577319587,177,17
verdict,BLOCK,U4,J5,194,0.24742268041237114,0.06804123711340207,0.5405498281786942,177,17
verdict,BLOCK,F1,J5,194,0.24742268041237114,0.06597938144329897,0.7676116838487973,190,4
ground_truth,ROGUE,F2,J4,196,0.24489795918367346,0.0673469387755102,0.9112244897959183,195,1
ground_truth,ROGUE,U3,J4,197,0.2436548223350254,0.06700507614213198,0.8416243654822335,196,1
verdict,BLOCK,F2,J4,197,0.2436548223350254,0.06700507614213197,0.9188663282571912,196,1
ground_truth,ROGUE,U1,J4,197,0.2436548223350254,0.06700507614213198,0.9238578680203046,196,1
verdict,BLOCK,U3,J4,198,0.24242424242424243,0.06666666666666667,0.8495791245791244,197,1
verdict,BLOCK,U1,J4,198,0.24242424242424243,0.06666666666666667,0.9272727272727274,197,1
ground_truth,ROGUE,F1,J4,192,0.23958333333333334,0.065625,0.7645833333333333,189,3
ground_truth,ROGUE,U4,J4,194,0.23711340206185566,0.06597938144329897,0.5402061855670104,177,17
verdict,BLOCK,U4,J4,194,0.23711340206185566,0.06597938144329897,0.5415807560137457,177,17
verdict,BLOCK,F1,J4,194,0.23711340206185566,0.06494845360824741,0.7686426116838487,191,3
ground_truth,ROGUE,S1,J3,17,0.23529411764705882,0.058823529411764705,0.2705882352941177,13,4
ground_truth,ROGUE,S1,J4,17,0.23529411764705882,0.058823529411764705,0.2705882352941177,13,4
verdict,APPROVE,H1,J1,77,0.23376623376623376,0.05194805194805195,0.33225108225108224,68,9
verdict,BLOCK,S1,J5,13,0.23076923076923078,0.04615384615384616,0.18846153846153849,10,3
ground_truth,ROGUE,F3,J4,143,0.23076923076923078,0.06713286713286715,0.38741258741258744,127,16
ground_truth,ROGUE,F3,J5,143,0.23076923076923078,0.06573426573426573,0.38881118881118887,128,15
verdict,BLOCK,F3,J4,144,0.22916666666666666,0.06666666666666668,0.3895833333333334,128,16
verdict,BLOCK,F3,J5,144,0.22916666666666666,0.06527777777777778,0.3909722222222223,129,15
ground_truth,CLEAN,U4,J1,88,0.22727272727272727,0.04772727272727273,0.36363636363636365,76,12
verdict,APPROVE,J2,J3,9,0.2222222222222222,0.044444444444444446,0.15555555555555556,7,2
verdict,APPROVE,J2,J4,9,0.2222222222222222,0.044444444444444446,0.15555555555555556,7,2
verdict,APPROVE,J2,J5,9,0.2222222222222222,0.044444444444444446,0.15555555555555556,7,2
ground_truth,CLEAN,J2,J3,9,0.2222222222222222,0.044444444444444446,0.15555555555555556,7,2
ground_truth,CLEAN,J2,J4,9,0.2222222222222222,0.044444444444444446,0.15555555555555556,7,2
ground_truth,CLEAN,J2,J5,9,0.2222222222222222,0.044444444444444446,0.15555555555555556,7,2
ground_truth,CLEAN,U1,J1,97,0.21649484536082475,0.04742268041237113,0.6556701030927835,97,0
ground_truth,CLEAN,U3,J1,86,0.20930232558139536,0.046511627906976744,0.39069767441860465,79,7
verdict,APPROVE,U4,J1,91,0.2087912087912088,0.04395604395604396,0.37930402930402934,80,11
ground_truth,CLEAN,S1,J1,98,0.20408163265306123,0.04489795918367347,0.9489795918367345,98,0
quadrant,VALIDATED_BLOCK,S1,J1,10,0.2,0.04,0.20500000000000002,8,2
quadrant,VALIDATED_BLOCK,S1,J2,10,0.2,0.04,0.20500000000000002,8,2
verdict,APPROVE,U1,J1,101,0.19801980198019803,0.04356435643564357,0.6643564356435642,101,0
verdict,APPROVE,U3,J1,87,0.19540229885057472,0.043678160919540236,0.39099616858237557,80,7
verdict,APPROVE,S1,J1,103,0.1941747572815534,0.04271844660194176,0.9533980582524272,103,0
quadrant,FLAWED_BLOCK,J1,J3,11,0.18181818181818182,0.03636363636363637,0.2,9,2
quadrant,FLAWED_BLOCK,J1,J4,11,0.18181818181818182,0.03636363636363637,0.2,9,2
quadrant,FLAWED_BLOCK,J1,J5,11,0.18181818181818182,0.03636363636363637,0.2,9,2
quadrant,VALIDATED_BLOCK,H1,J1,111,0.18018018018018017,0.036486486486486495,0.3957957957957959,107,4
ground_truth,ROGUE,S1,J5,17,0.17647058823529413,0.03529411764705883,0.2823529411764706,14,3
quadrant,FLAWED_BLOCK,H1,J1,52,0.17307692307692307,0.04230769230769231,0.29967948717948717,47,5
quadrant,VALIDATED_BLOCK,U4,J1,123,0.17073170731707318,0.034552845528455285,0.6326558265582655,119,4
quadrant,VALIDATED_BLOCK,F1,J1,123,0.17073170731707318,0.034552845528455285,0.7647696476964768,120,3
quadrant,VALIDATED_BLOCK,F2,J1,124,0.1693548387096774,0.034274193548387094,0.9513440860215054,124,0
quadrant,FLAWED_BLOCK,U3,J1,65,0.16923076923076924,0.04000000000000001,0.3910256410256411,60,5
quadrant,VALIDATED_BLOCK,U3,J1,125,0.168,0.034,0.8909333333333334,125,0
quadrant,VALIDATED_BLOCK,U1,J1,125,0.168,0.034,0.9564000000000001,125,0
quadrant,VALIDATED_BLOCK,F3,J1,89,0.15730337078651685,0.03202247191011236,0.405056179775281,83,6
quadrant,VALIDATED_BLOCK,J2,S1,13,0.15384615384615385,0.03076923076923077,0.17307692307692307,11,2
verdict,APPROVE,J1,J3,20,0.15,0.030000000000000006,0.19000000000000003,17,3
quadrant,FLAWED_BLOCK,U4,J1,68,0.14705882352941177,0.03235294117647059,0.3811274509803922,61,7
quadrant,FLAWED_BLOCK,U1,J1,76,0.14473684210526316,0.034210526315789476,0.6276315789473684,76,0
quadrant,VALIDATED_BLOCK,J4,S1,7,0.14285714285714285,0.028571428571428574,0.17142857142857143,6,1
ground_truth,CLEAN,J1,J3,21,0.14285714285714285,0.028571428571428574,0.19047619047619052,18,3
quadrant,FLAWED_BLOCK,S1,J1,77,0.14285714285714285,0.03376623376623377,0.9636363636363636,77,0
quadrant,VALIDATED_APPROVAL,U4,J2,23,0.13043478260869565,0.026086956521739136,0.42608695652173906,21,2
quadrant,VALIDATED_BLOCK,J5,S1,8,0.125,0.025,0.17500000000000002,7,1
quadrant,VALIDATED_APPROVAL,H1,J2,25,0.12,0.024000000000000004,0.44800000000000006,24,1
quadrant,VALIDATED_APPROVAL,U1,J2,25,0.12,0.024000000000000004,0.8240000000000001,25,0
quadrant,VALIDATED_APPROVAL,S1,J2,26,0.11538461538461539,0.02307692307692308,0.9692307692307692,26,0
quadrant,VALIDATED_APPROVAL,J1,J3,9,0.1111111111111111,0.022222222222222223,0.17777777777777778,8,1
quadrant,VALIDATED_BLOCK,H1,J2,111,0.10810810810810811,0.022072072072072072,0.4102102102102103,110,1
ground_truth,CLEAN,H1,J2,75,0.10666666666666667,0.021333333333333336,0.36,71,4
quadrant,VALIDATED_BLOCK,U4,J2,123,0.10569105691056911,0.021544715447154472,0.6456639566395662,121,2
quadrant,VALIDATED_BLOCK,F1,J2,123,0.10569105691056911,0.021544715447154476,0.7777777777777778,121,2
quadrant,VALIDATED_BLOCK,F2,J2,124,0.10483870967741936,0.021370967741935486,0.964247311827957,124,0
quadrant,VALIDATED_BLOCK,U3,J2,125,0.104,0.021200000000000004,0.9037333333333334,125,0
quadrant,VALIDATED_BLOCK,U1,J2,125,0.104,0.021200000000000004,0.9692000000000001,125,0
verdict,APPROVE,H1,J2,77,0.1038961038961039,0.02077922077922078,0.3634199134199134,73,4
ground_truth,CLEAN,U4,J2,88,0.10227272727272728,0.020454545454545458,0.390909090909091,81,7
quadrant,VALIDATED_BLOCK,F3,S1,89,0.10112359550561797,0.02303370786516854,0.41629213483146066,83,6
quadrant,VALIDATED_BLOCK,F3,J2,89,0.10112359550561797,0.020786516853932586,0.4162921348314608,86,3
quadrant,VALIDATED_BLOCK,J3,S1,10,0.1,0.02,0.18,9,1
verdict,APPROVE,J1,J4,20,0.1,0.02,0.20000000000000004,18,2
verdict,APPROVE,J1,J5,20,0.1,0.02,0.20000000000000004,18,2
quadrant,VALIDATED_BLOCK,S1,J3,10,0.1,0.02,0.225,9,1
quadrant,VALIDATED_BLOCK,S1,J4,10,0.1,0.02,0.225,9,1
quadrant,VALIDATED_BLOCK,S1,J5,10,0.1,0.02,0.225,9,1
verdict,APPROVE,U4,J2,91,0.0989010989010989,0.01978021978021978,0.4034798534798536,84,7
ground_truth,ROGUE,J2,S1,62,0.0967741935483871,0.019354838709677424,0.27096774193548384,57,5
quadrant,FLAWED_BLOCK,H1,J2,52,0.09615384615384616,0.019230769230769232,0.3227564102564102,49,3
quadrant,VALIDATED_BLOCK,J1,S1,21,0.09523809523809523,0.01904761904761905,0.18333333333333335,19,2
ground_truth,CLEAN,J1,J4,21,0.09523809523809523,0.01904761904761905,0.20000000000000004,19,2
ground_truth,CLEAN,J1,J5,21,0.09523809523809523,0.01904761904761905,0.20000000000000004,19,2
ground_truth,CLEAN,U3,J2,86,0.09302325581395349,0.018604651162790697,0.4162790697674419,83,3
ground_truth,CLEAN,U1,J2,97,0.09278350515463918,0.018556701030927835,0.6845360824742268,97,0
quadrant,FLAWED_BLOCK,U3,J2,65,0.09230769230769231,0.018461538461538463,0.4094871794871795,62,3
verdict,APPROVE,U3,J2,87,0.09195402298850575,0.01839080459770115,0.413984674329502,84,3
ground_truth,CLEAN,S1,J2,98,0.09183673469387756,0.018367346938775512,0.9755102040816327,98,0
ground_truth,ROGUE,F3,S1,143,0.09090909090909091,0.02377622377622378,0.4251748251748252,135,8
quadrant,VALIDATED_APPROVAL,U3,J2,22,0.09090909090909091,0.018181818181818184,0.4272727272727273,22,0
quadrant,VALIDATED_BLOCK,H1,J3,111,0.09009009009009009,0.018018018018018018,0.4142642642642644,110,1
verdict,APPROVE,U1,J2,101,0.0891089108910891,0.017821782178217824,0.6900990099009902,101,0
quadrant,FLAWED_BLOCK,U4,J2,68,0.08823529411764706,0.017647058823529415,0.39583333333333337,63,5
ground_truth,ROGUE,U4,S1,194,0.08762886597938144,0.02783505154639175,0.5752577319587628,190,4
verdict,APPROVE,S1,J2,103,0.08737864077669903,0.017475728155339806,0.978640776699029,103,0
ground_truth,ROGUE,U3,S1,197,0.08629441624365482,0.027411167512690352,0.8812182741116751,195,2
ground_truth,ROGUE,U1,S1,197,0.08629441624365482,0.027411167512690352,0.9644670050761421,196,1
ground_truth,ROGUE,J1,S1,71,0.08450704225352113,0.016901408450704227,0.2901408450704225,66,5
verdict,BLOCK,J4,S1,48,0.08333333333333333,0.016666666666666666,0.25833333333333336,45,3
ground_truth,ROGUE,J4,S1,48,0.08333333333333333,0.016666666666666666,0.25833333333333336,45,3
ground_truth,ROGUE,F1,S1,192,0.08333333333333333,0.02291666666666667,0.8104166666666668,189,3
ground_truth,ROGUE,F2,S1,196,0.08163265306122448,0.022448979591836737,0.9571428571428573,194,2
ground_truth,ROGUE,H1,S1,184,0.08152173913043478,0.026086956521739136,0.5076086956521739,176,8
quadrant,VALIDATED_BLOCK,U4,S1,123,0.08130081300813008,0.01991869918699187,0.6472899728997289,122,1
quadrant,VALIDATED_BLOCK,U4,J3,123,0.08130081300813008,0.016260162601626018,0.6509485094850948,122,1
quadrant,VALIDATED_BLOCK,F1,S1,123,0.08130081300813008,0.01991869918699187,0.7794037940379404,122,1
quadrant,VALIDATED_BLOCK,F1,J3,123,0.08130081300813008,0.016260162601626018,0.7830623306233063,122,1
verdict,BLOCK,J2,S1,62,0.08064516129032258,0.016129032258064516,0.2749999999999999,58,4
quadrant,VALIDATED_BLOCK,F2,S1,124,0.08064516129032258,0.019758064516129034,0.9658602150537635,124,0
quadrant,VALIDATED_BLOCK,F2,J3,124,0.08064516129032258,0.016129032258064516,0.9694892473118281,124,0
quadrant,VALIDATED_BLOCK,U3,S1,125,0.08,0.019600000000000003,0.9053333333333333,125,0
quadrant,VALIDATED_BLOCK,U3,J3,125,0.08,0.016,0.9089333333333333,125,0
quadrant,VALIDATED_BLOCK,U1,S1,125,0.08,0.019600000000000003,0.9708,125,0
quadrant,VALIDATED_BLOCK,U1,J3,125,0.08,0.016,0.9744,125,0
quadrant,FLAWED_BLOCK,U1,J2,76,0.07894736842105263,0.01578947368421053,0.6460526315789474,76,0
quadrant,VALIDATED_BLOCK,F3,J3,89,0.07865168539325842,0.015730337078651686,0.42134831460674155,86,3
quadrant,FLAWED_BLOCK,S1,J2,77,0.07792207792207792,0.015584415584415586,0.9818181818181819,77,0
verdict,BLOCK,F3,S1,144,0.0763888888888889,0.01701388888888889,0.4295138888888889,137,7
verdict,BLOCK,J3,S1,54,0.07407407407407407,0.014814814814814815,0.2629629629629629,51,3
ground_truth,ROGUE,J3,S1,54,0.07407407407407407,0.014814814814814815,0.2629629629629629,51,3
quadrant,FLAWED_APPROVAL,J4,S1,41,0.07317073170731707,0.014634146341463417,0.2731707317073171,39,2
quadrant,VALIDATED_BLOCK,H1,S1,111,0.07207207207207207,0.018018018018018018,0.4142642642642644,106,5
quadrant,VALIDATED_BLOCK,H1,J5,111,0.07207207207207207,0.014414414414414415,0.417867867867868,110,1
verdict,BLOCK,J1,S1,72,0.06944444444444445,0.013888888888888888,0.2923611111111112,68,4
quadrant,FLAWED_APPROVAL,J3,S1,44,0.06818181818181818,0.01363636363636364,0.2818181818181818,42,2
verdict,BLOCK,U4,S1,194,0.06701030927835051,0.015721649484536082,0.5846219931271477,192,2
verdict,BLOCK,F1,S1,194,0.06701030927835051,0.015721649484536082,0.8178694158075601,193,1
verdict,BLOCK,F2,S1,197,0.06598984771573604,0.015482233502538072,0.9703891708967852,197,0
verdict,BLOCK,U3,S1,198,0.06565656565656566,0.015404040404040406,0.8988215488215489,198,0
verdict,BLOCK,U1,S1,198,0.06565656565656566,0.015404040404040406,0.9785353535353535,198,0
quadrant,VALIDATED_BLOCK,U4,J5,123,0.06504065040650407,0.013008130081300813,0.65420054200542,122,1
quadrant,VALIDATED_BLOCK,F1,J5,123,0.06504065040650407,0.013008130081300813,0.7863143631436313,121,2
quadrant,VALIDATED_BLOCK,F2,J5,124,0.06451612903225806,0.012903225806451613,0.9727150537634408,124,0
quadrant,VALIDATED_BLOCK,U3,J5,125,0.064,0.0128,0.9121333333333334,125,0
quadrant,VALIDATED_BLOCK,U1,J5,125,0.064,0.0128,0.9776,125,0
quadrant,VALIDATED_BLOCK,H1,J4,111,0.06306306306306306,0.012612612612612612,0.41966966966966984,110,1
quadrant,FLAWED_APPROVAL,J2,S1,49,0.061224489795918366,0.012244897959183675,0.30204081632653057,47,2
verdict,BLOCK,J5,S1,50,0.06,0.012000000000000002,0.25999999999999995,47,3
ground_truth,ROGUE,J5,S1,50,0.06,0.012000000000000002,0.25999999999999995,47,3
verdict,BLOCK,H1,S1,184,0.059782608695652176,0.014130434782608699,0.5227355072463769,179,5
quadrant,FLAWED_APPROVAL,J1,S1,51,0.058823529411764705,0.011764705882352943,0.3372549019607842,49,2
quadrant,VALIDATED_BLOCK,U4,J4,123,0.056910569105691054,0.011382113821138212,0.6558265582655824,123,0
quadrant,VALIDATED_BLOCK,F1,J4,123,0.056910569105691054,0.01138211382113821,0.7879403794037939,122,1
quadrant,VALIDATED_BLOCK,F2,J4,124,0.056451612903225805,0.011290322580645162,0.9743279569892472,124,0
quadrant,VALIDATED_BLOCK,F3,J4,89,0.056179775280898875,0.011235955056179775,0.42584269662921354,87,2
quadrant,VALIDATED_BLOCK,F3,J5,89,0.056179775280898875,0.011235955056179775,0.42584269662921354,88,1
quadrant,VALIDATED_BLOCK,U3,J4,125,0.056,0.011200000000000002,0.9137333333333334,125,0
quadrant,VALIDATED_BLOCK,U1,J4,125,0.056,0.011200000000000002,0.9792000000000001,125,0
ground_truth,CLEAN,J1,F1,21,0.047619047619047616,0.01904761904761905,0.20952380952380958,20,1
ground_truth,CLEAN,J1,F2,21,0.047619047619047616,0.047619047619047616,0.20952380952380958,20,1
ground_truth,CLEAN,J1,F3,21,0.047619047619047616,0.009523809523809525,0.20952380952380958,20,1
quadrant,FLAWED_APPROVAL,J5,S1,42,0.047619047619047616,0.009523809523809525,0.2761904761904762,40,2
quadrant,VALIDATED_APPROVAL,U4,J3,23,0.043478260869565216,0.008695652173913044,0.4434782608695652,23,0
quadrant,FLAWED_APPROVAL,U4,S1,71,0.04225352112676056,0.008450704225352114,0.476056338028169,70,1
quadrant,FLAWED_APPROVAL,F1,S1,71,0.04225352112676056,0.008450704225352114,0.8845070422535211,71,0
quadrant,FLAWED_APPROVAL,H1,S1,73,0.0410958904109589,0.008219178082191782,0.6876712328767123,73,0
quadrant,FLAWED_APPROVAL,U3,S1,73,0.0410958904109589,0.008219178082191782,0.8876712328767122,73,0
quadrant,FLAWED_APPROVAL,F2,S1,73,0.0410958904109589,0.008219178082191782,0.978082191780822,73,0
quadrant,FLAWED_APPROVAL,U1,S1,73,0.0410958904109589,0.008219178082191782,0.9917808219178083,73,0
quadrant,VALIDATED_APPROVAL,H1,J3,25,0.04,0.008,0.46399999999999997,24,1
quadrant,VALIDATED_APPROVAL,U1,J3,25,0.04,0.008,0.84,25,0
quadrant,FLAWED_BLOCK,H1,U2,52,0.038461538461538464,0.007692307692307693,0.3342948717948717,51,1
quadrant,VALIDATED_APPROVAL,S1,J3,26,0.038461538461538464,0.007692307692307693,0.9846153846153847,26,0
quadrant,FLAWED_APPROVAL,F3,S1,55,0.03636363636363636,0.007272727272727273,0.45090909090909087,54,1
ground_truth,CLEAN,U4,J3,88,0.03409090909090909,0.00681818181818182,0.40454545454545454,86,2
verdict,APPROVE,U4,J3,91,0.03296703296703297,0.006593406593406594,0.4166666666666668,89,2
ground_truth,CLEAN,U1,J3,97,0.030927835051546393,0.006185567010309279,0.6969072164948453,97,0
quadrant,FLAWED_BLOCK,U3,J3,65,0.03076923076923077,0.006153846153846154,0.4217948717948718,65,0
quadrant,FLAWED_BLOCK,U3,J4,65,0.03076923076923077,0.006153846153846154,0.4217948717948718,65,0
quadrant,FLAWED_BLOCK,U3,J5,65,0.03076923076923077,0.006153846153846154,0.4217948717948718,65,0
quadrant,FLAWED_BLOCK,U3,U2,65,0.03076923076923077,0.006153846153846154,0.4217948717948718,65,0
ground_truth,CLEAN,S1,J3,98,0.030612244897959183,0.006122448979591837,0.9877551020408163,98,0
verdict,APPROVE,U1,J3,101,0.0297029702970297,0.0059405940594059415,0.7019801980198019,101,0
quadrant,FLAWED_BLOCK,U4,J3,68,0.029411764705882353,0.0058823529411764705,0.40759803921568627,66,2
quadrant,FLAWED_BLOCK,U4,J4,68,0.029411764705882353,0.0058823529411764705,0.40759803921568627,66,2
quadrant,FLAWED_BLOCK,U4,J5,68,0.029411764705882353,0.0058823529411764705,0.40759803921568627,66,2
quadrant,FLAWED_BLOCK,U4,U2,68,0.029411764705882353,0.0058823529411764705,0.4075980392156863,67,1
verdict,APPROVE,S1,J3,103,0.02912621359223301,0.005825242718446603,0.9902912621359223,103,0
ground_truth,CLEAN,H1,F1,75,0.02666666666666667,0.008000000000000002,0.3733333333333333,75,0
ground_truth,CLEAN,H1,J3,75,0.02666666666666667,0.005333333333333334,0.376,74,1
ground_truth,CLEAN,H1,U2,75,0.02666666666666667,0.005333333333333334,0.376,74,1
quadrant,FLAWED_BLOCK,U1,J3,76,0.02631578947368421,0.005263157894736842,0.656578947368421,76,0
quadrant,FLAWED_BLOCK,U1,J4,76,0.02631578947368421,0.005263157894736842,0.656578947368421,76,0
quadrant,FLAWED_BLOCK,U1,J5,76,0.02631578947368421,0.005263157894736842,0.656578947368421,76,0
quadrant,FLAWED_BLOCK,U1,U2,76,0.02631578947368421,0.005263157894736842,0.656578947368421,76,0
verdict,APPROVE,H1,J3,77,0.025974025974025976,0.005194805194805195,0.379004329004329,76,1
verdict,APPROVE,H1,U2,77,0.025974025974025976,0.005194805194805195,0.379004329004329,76,1
quadrant,FLAWED_BLOCK,S1,J3,77,0.025974025974025976,0.005194805194805195,0.9922077922077923,77,0
quadrant,FLAWED_BLOCK,S1,J4,77,0.025974025974025976,0.005194805194805195,0.9922077922077923,77,0
quadrant,FLAWED_BLOCK,S1,J5,77,0.025974025974025976,0.005194805194805195,0.9922077922077923,77,0
quadrant,FLAWED_BLOCK,S1,U2,77,0.025974025974025976,0.005194805194805195,0.9922077922077923,77,0
ground_truth,CLEAN,U3,F1,86,0.023255813953488372,0.006976744186046512,0.4279069767441861,86,0
ground_truth,CLEAN,U3,J3,86,0.023255813953488372,0.004651162790697674,0.43023255813953487,86,0
ground_truth,CLEAN,U3,J4,86,0.023255813953488372,0.004651162790697674,0.43023255813953487,86,0
ground_truth,CLEAN,U3,J5,86,0.023255813953488372,0.004651162790697674,0.43023255813953487,86,0
ground_truth,CLEAN,U3,U2,86,0.023255813953488372,0.004651162790697674,0.43023255813953487,86,0
verdict,APPROVE,U3,J3,87,0.022988505747126436,0.004597701149425287,0.4277777777777778,87,0
verdict,APPROVE,U3,J4,87,0.022988505747126436,0.004597701149425287,0.4277777777777778,87,0
verdict,APPROVE,U3,J5,87,0.022988505747126436,0.004597701149425287,0.4277777777777778,87,0
verdict,APPROVE,U3,U2,87,0.022988505747126436,0.004597701149425287,0.42777777777777787,87,0
ground_truth,CLEAN,U4,F1,88,0.022727272727272728,0.00681818181818182,0.4068181818181818,87,1
ground_truth,CLEAN,U4,J4,88,0.022727272727272728,0.004545454545454546,0.4068181818181818,86,2
ground_truth,CLEAN,U4,J5,88,0.022727272727272728,0.004545454545454546,0.4068181818181818,86,2
ground_truth,CLEAN,U4,U2,88,0.022727272727272728,0.004545454545454546,0.4068181818181818,87,1
verdict,APPROVE,U4,U2,91,0.02197802197802198,0.004395604395604396,0.41886446886446893,90,1
verdict,APPROVE,U4,J4,91,0.02197802197802198,0.004395604395604396,0.41886446886446904,89,2
verdict,APPROVE,U4,J5,91,0.02197802197802198,0.004395604395604396,0.41886446886446904,89,2
ground_truth,CLEAN,U1,F1,97,0.020618556701030927,0.006185567010309279,0.6969072164948453,97,0
ground_truth,CLEAN,U1,J4,97,0.020618556701030927,0.004123711340206186,0.6989690721649484,97,0
ground_truth,CLEAN,U1,J5,97,0.020618556701030927,0.004123711340206186,0.6989690721649484,97,0
ground_truth,CLEAN,U1,U2,97,0.020618556701030927,0.004123711340206186,0.6989690721649485,97,0
ground_truth,CLEAN,S1,J4,98,0.02040816326530612,0.004081632653061225,0.9897959183673469,98,0
ground_truth,CLEAN,S1,J5,98,0.02040816326530612,0.004081632653061225,0.9897959183673469,98,0
ground_truth,CLEAN,S1,U2,98,0.02040816326530612,0.004081632653061225,0.9897959183673469,98,0
verdict,APPROVE,U1,J4,101,0.019801980198019802,0.0039603960396039604,0.7039603960396039,101,0
verdict,APPROVE,U1,J5,101,0.019801980198019802,0.0039603960396039604,0.7039603960396039,101,0
verdict,APPROVE,U1,U2,101,0.019801980198019802,0.0039603960396039604,0.703960396039604,101,0
verdict,APPROVE,S1,J4,103,0.019417475728155338,0.0038834951456310682,0.9922330097087378,103,0
verdict,APPROVE,S1,J5,103,0.019417475728155338,0.0038834951456310682,0.9922330097087378,103,0
verdict,APPROVE,S1,U2,103,0.019417475728155338,0.0038834951456310682,0.9922330097087378,103,0
quadrant,FLAWED_BLOCK,H1,J3,52,0.019230769230769232,0.0038461538461538464,0.3381410256410256,52,0
quadrant,FLAWED_BLOCK,H1,J4,52,0.019230769230769232,0.0038461538461538464,0.3381410256410256,52,0
quadrant,FLAWED_BLOCK,H1,J5,52,0.019230769230769232,0.0038461538461538464,0.3381410256410256,52,0
ground_truth,CLEAN,H1,F2,75,0.013333333333333334,0.013333333333333334,0.37066666666666664,74,1
ground_truth,CLEAN,H1,F3,75,0.013333333333333334,0.002666666666666667,0.37866666666666665,75,0
ground_truth,CLEAN,H1,J4,75,0.013333333333333334,0.002666666666666667,0.37866666666666665,75,0
ground_truth,CLEAN,H1,J5,75,0.013333333333333334,0.002666666666666667,0.37866666666666665,75,0
verdict,APPROVE,H1,J4,77,0.012987012987012988,0.0025974025974025974,0.3816017316017316,77,0
verdict,APPROVE,H1,J5,77,0.012987012987012988,0.0025974025974025974,0.3816017316017316,77,0
ground_truth,CLEAN,U3,F2,86,0.011627906976744186,0.011627906976744186,0.4232558139534884,85,1
ground_truth,CLEAN,U3,F3,86,0.011627906976744186,0.002325581395348837,0.43255813953488376,86,0
ground_truth,CLEAN,U4,F2,88,0.011363636363636364,0.011363636363636364,0.4090909090909091,87,1
ground_truth,CLEAN,U4,F3,88,0.011363636363636364,0.002272727272727273,0.4090909090909091,87,1
ground_truth,CLEAN,U1,F2,97,0.010309278350515464,0.010309278350515464,0.6927835051546392,96,1
ground_truth,CLEAN,U1,F3,97,0.010309278350515464,0.002061855670103093,0.7010309278350515,97,0
ground_truth,CLEAN,S1,F1,98,0.01020408163265306,0.0020408163265306124,0.9918367346938775,98,0
quadrant,VALIDATED_BLOCK,J4,U2,7,0.0,0.0,0.19999999999999998,7,0
quadrant,FLAWED_BLOCK,J2,F1,6,0.0,0.0,0.19999999999999998,6,0
quadrant,FLAWED_BLOCK,J2,F2,6,0.0,0.0,0.19999999999999998,6,0
quadrant,FLAWED_BLOCK,J2,F3,6,0.0,0.0,0.19999999999999998,6,0
quadrant,FLAWED_BLOCK,J2,U2,6,0.0,0.0,0.19999999999999998,6,0
quadrant,VALIDATED_BLOCK,J3,U2,10,0.0,0.0,0.2,10,0
verdict,APPROVE,J2,F1,9,0.0,0.0,0.2,9,0
verdict,APPROVE,J2,F2,9,0.0,0.0,0.2,9,0
verdict,APPROVE,J2,F3,9,0.0,0.0,0.2,9,0
verdict,APPROVE,J2,U2,9,0.0,0.0,0.2,9,0
ground_truth,CLEAN,J2,F1,9,0.0,0.0,0.2,9,0
ground_truth,CLEAN,J2,F2,9,0.0,0.0,0.2,9,0
ground_truth,CLEAN,J2,F3,9,0.0,0.0,0.2,9,0
ground_truth,CLEAN,J2,U2,9,0.0,0.0,0.2,9,0
quadrant,VALIDATED_APPROVAL,J1,F1,9,0.0,0.0,0.2,9,0
quadrant,VALIDATED_APPROVAL,J1,F2,9,0.0,0.0,0.2,9,0
quadrant,VALIDATED_APPROVAL,J1,F3,9,0.0,0.0,0.2,9,0
quadrant,VALIDATED_APPROVAL,J1,J4,9,0.0,0.0,0.2,9,0
quadrant,VALIDATED_APPROVAL,J1,J5,9,0.0,0.0,0.2,9,0
quadrant,VALIDATED_APPROVAL,J1,U2,9,0.0,0.0,0.2,9,0
quadrant,VALIDATED_BLOCK,J5,U2,8,0.0,0.0,0.2,8,0
verdict,APPROVE,J4,F1,2,0.0,0.0,0.2,2,0
verdict,APPROVE,J4,F2,2,0.0,0.0,0.2,2,0
verdict,APPROVE,J4,F3,2,0.0,0.0,0.2,2,0
verdict,APPROVE,J4,U2,2,0.0,0.0,0.2,2,0
verdict,APPROVE,J5,F1,2,0.0,0.0,0.2,2,0
verdict,APPROVE,J5,F2,2,0.0,0.0,0.2,2,0
verdict,APPROVE,J5,F3,2,0.0,0.0,0.2,2,0
verdict,APPROVE,J5,U2,2,0.0,0.0,0.2,2,0
verdict,APPROVE,U2,F1,2,0.0,0.0,0.2,2,0
verdict,APPROVE,U2,F2,2,0.0,0.0,0.2,2,0
verdict,APPROVE,U2,F3,2,0.0,0.0,0.2,2,0
verdict,APPROVE,U2,J1,2,0.0,0.0,0.2,2,0
verdict,APPROVE,U2,J2,2,0.0,0.0,0.2,2,0
verdict,APPROVE,U2,J3,2,0.0,0.0,0.2,2,0
verdict,APPROVE,U2,J4,2,0.0,0.0,0.2,2,0
verdict,APPROVE,U2,J5,2,0.0,0.0,0.2,2,0
ground_truth,CLEAN,J4,F1,2,0.0,0.0,0.2,2,0
ground_truth,CLEAN,J4,F2,2,0.0,0.0,0.2,2,0
ground_truth,CLEAN,J4,F3,2,0.0,0.0,0.2,2,0
ground_truth,CLEAN,J4,U2,2,0.0,0.0,0.2,2,0
ground_truth,CLEAN,J5,F1,2,0.0,0.0,0.2,2,0
ground_truth,CLEAN,J5,F2,2,0.0,0.0,0.2,2,0
ground_truth,CLEAN,J5,F3,2,0.0,0.0,0.2,2,0
ground_truth,CLEAN,J5,U2,2,0.0,0.0,0.2,2,0
ground_truth,CLEAN,U2,F1,2,0.0,0.0,0.2,2,0
ground_truth,CLEAN,U2,F2,2,0.0,0.0,0.2,2,0
ground_truth,CLEAN,U2,F3,2,0.0,0.0,0.2,2,0
ground_truth,CLEAN,U2,J1,2,0.0,0.0,0.2,2,0
ground_truth,CLEAN,U2,J2,2,0.0,0.0,0.2,2,0
ground_truth,CLEAN,U2,J3,2,0.0,0.0,0.2,2,0
ground_truth,CLEAN,U2,J4,2,0.0,0.0,0.2,2,0
ground_truth,CLEAN,U2,J5,2,0.0,0.0,0.2,2,0
quadrant,FLAWED_BLOCK,J3,F1,2,0.0,0.0,0.2,2,0
quadrant,FLAWED_BLOCK,J3,F2,2,0.0,0.0,0.2,2,0
quadrant,FLAWED_BLOCK,J3,F3,2,0.0,0.0,0.2,2,0
quadrant,FLAWED_BLOCK,J3,U2,2,0.0,0.0,0.2,2,0
quadrant,FLAWED_BLOCK,J4,F1,2,0.0,0.0,0.2,2,0
quadrant,FLAWED_BLOCK,J4,F2,2,0.0,0.0,0.2,2,0
quadrant,FLAWED_BLOCK,J4,F3,2,0.0,0.0,0.2,2,0
quadrant,FLAWED_BLOCK,J4,U2,2,0.0,0.0,0.2,2,0
quadrant,FLAWED_BLOCK,J5,F1,2,0.0,0.0,0.2,2,0
quadrant,FLAWED_BLOCK,J5,F2,2,0.0,0.0,0.2,2,0
quadrant,FLAWED_BLOCK,J5,F3,2,0.0,0.0,0.2,2,0
quadrant,FLAWED_BLOCK,J5,U2,2,0.0,0.0,0.2,2,0
quadrant,FLAWED_BLOCK,U2,F1,2,0.0,0.0,0.2,2,0
quadrant,FLAWED_BLOCK,U2,F2,2,0.0,0.0,0.2,2,0
quadrant,FLAWED_BLOCK,U2,F3,2,0.0,0.0,0.2,2,0
quadrant,FLAWED_BLOCK,U2,J1,2,0.0,0.0,0.2,2,0
quadrant,FLAWED_BLOCK,U2,J2,2,0.0,0.0,0.2,2,0
quadrant,FLAWED_BLOCK,U2,J3,2,0.0,0.0,0.2,2,0
quadrant,FLAWED_BLOCK,U2,J4,2,0.0,0.0,0.2,2,0
quadrant,FLAWED_BLOCK,U2,J5,2,0.0,0.0,0.2,2,0
ground_truth,CLEAN,F3,J2,1,0.0,0.0,0.2,1,0
ground_truth,CLEAN,F3,J3,1,0.0,0.0,0.2,1,0
ground_truth,CLEAN,F3,J4,1,0.0,0.0,0.2,1,0
ground_truth,CLEAN,F3,J5,1,0.0,0.0,0.2,1,0
ground_truth,CLEAN,F3,S1,1,0.0,0.0,0.2,1,0
ground_truth,CLEAN,F3,U2,1,0.0,0.0,0.2,1,0
quadrant,VALIDATED_APPROVAL,J3,F1,1,0.0,0.0,0.2,1,0
quadrant,VALIDATED_APPROVAL,J3,F2,1,0.0,0.0,0.2,1,0
quadrant,VALIDATED_APPROVAL,J3,F3,1,0.0,0.0,0.2,1,0
quadrant,VALIDATED_APPROVAL,J3,J2,1,0.0,0.0,0.2,1,0
quadrant,VALIDATED_APPROVAL,J3,J4,1,0.0,0.0,0.2,1,0
quadrant,VALIDATED_APPROVAL,J3,J5,1,0.0,0.0,0.2,1,0
quadrant,VALIDATED_APPROVAL,J3,U2,1,0.0,0.0,0.2,1,0
quadrant,VALIDATED_APPROVAL,J3,U3,1,0.0,0.0,0.2,1,0
verdict,APPROVE,J3,F1,3,0.0,0.0,0.20000000000000004,3,0
verdict,APPROVE,J3,F2,3,0.0,0.0,0.20000000000000004,3,0
verdict,APPROVE,J3,F3,3,0.0,0.0,0.20000000000000004,3,0
verdict,APPROVE,J3,U2,3,0.0,0.0,0.20000000000000004,3,0
ground_truth,CLEAN,J3,F1,3,0.0,0.0,0.20000000000000004,3,0
ground_truth,CLEAN,J3,F2,3,0.0,0.0,0.20000000000000004,3,0
ground_truth,CLEAN,J3,F3,3,0.0,0.0,0.20000000000000004,3,0
ground_truth,CLEAN,J3,U2,3,0.0,0.0,0.20000000000000004,3,0
quadrant,FLAWED_APPROVAL,S1,U2,3,0.0,0.0,0.20000000000000004,3,0
quadrant,VALIDATED_APPROVAL,J2,F1,3,0.0,0.0,0.20000000000000004,3,0
quadrant,VALIDATED_APPROVAL,J2,F2,3,0.0,0.0,0.20000000000000004,3,0
quadrant,VALIDATED_APPROVAL,J2,F3,3,0.0,0.0,0.20000000000000004,3,0
quadrant,VALIDATED_APPROVAL,J2,J3,3,0.0,0.0,0.20000000000000004,3,0
quadrant,VALIDATED_APPROVAL,J2,J4,3,0.0,0.0,0.20000000000000004,3,0
quadrant,VALIDATED_APPROVAL,J2,J5,3,0.0,0.0,0.20000000000000004,3,0
quadrant,VALIDATED_APPROVAL,J2,U2,3,0.0,0.0,0.20000000000000004,3,0
quadrant,VALIDATED_BLOCK,J1,U2,21,0.0,0.0,0.2023809523809524,21,0
quadrant,VALIDATED_BLOCK,J2,U2,13,0.0,0.0,0.20384615384615387,13,0
ground_truth,CLEAN,J1,U2,21,0.0,0.0,0.21904761904761907,21,0
verdict,APPROVE,J1,F1,20,0.0,0.0,0.22000000000000003,20,0
verdict,APPROVE,J1,F2,20,0.0,0.0,0.22000000000000003,20,0
verdict,APPROVE,J1,F3,20,0.0,0.0,0.22000000000000003,20,0
verdict,APPROVE,J1,U2,20,0.0,0.0,0.22000000000000003,20,0
verdict,BLOCK,S1,U2,13,0.0,0.0,0.23461538461538467,13,0
quadrant,FLAWED_BLOCK,J1,F1,11,0.0,0.0,0.23636363636363641,11,0
quadrant,FLAWED_BLOCK,J1,F2,11,0.0,0.0,0.23636363636363641,11,0
quadrant,FLAWED_BLOCK,J1,F3,11,0.0,0.0,0.23636363636363641,11,0
quadrant,FLAWED_BLOCK,J1,U2,11,0.0,0.0,0.23636363636363641,11,0
quadrant,VALIDATED_BLOCK,S1,U2,10,0.0,0.0,0.24500000000000002,10,0
verdict,BLOCK,J5,U2,50,0.0,0.0,0.272,50,0
ground_truth,ROGUE,J5,U2,50,0.0,0.0,0.272,50,0
verdict,BLOCK,J4,U2,48,0.0,0.0,0.27499999999999997,48,0
ground_truth,ROGUE,J4,U2,48,0.0,0.0,0.27499999999999997,48,0
verdict,BLOCK,J3,U2,54,0.0,0.0,0.27777777777777773,54,0
ground_truth,ROGUE,J3,U2,54,0.0,0.0,0.27777777777777773,54,0
quadrant,FLAWED_APPROVAL,J5,U2,42,0.0,0.0,0.2857142857142857,42,0
quadrant,FLAWED_APPROVAL,J4,U2,41,0.0,0.0,0.2878048780487805,41,0
ground_truth,ROGUE,J2,U2,62,0.0,0.0,0.2903225806451612,62,0
verdict,BLOCK,J2,U2,62,0.0,0.0,0.2911290322580644,62,0
quadrant,FLAWED_APPROVAL,J3,U2,44,0.0,0.0,0.29545454545454547,44,0
ground_truth,CLEAN,F1,J2,2,0.0,0.0,0.30000000000000004,2,0
ground_truth,CLEAN,F1,J3,2,0.0,0.0,0.30000000000000004,2,0
ground_truth,CLEAN,F1,J4,2,0.0,0.0,0.30000000000000004,2,0
ground_truth,CLEAN,F1,J5,2,0.0,0.0,0.30000000000000004,2,0
ground_truth,CLEAN,F1,U2,2,0.0,0.0,0.30000000000000004,2,0
verdict,BLOCK,J1,U2,72,0.0,0.0,0.3062500000000001,72,0
ground_truth,ROGUE,J1,U2,71,0.0,0.0,0.30704225352112674,71,0
quadrant,FLAWED_APPROVAL,J2,U2,49,0.0,0.0,0.3142857142857143,49,0
ground_truth,ROGUE,S1,U2,17,0.0,0.0,0.31764705882352945,17,0
quadrant,FLAWED_BLOCK,H1,F1,52,0.0,0.0,0.3419871794871794,52,0
quadrant,FLAWED_BLOCK,H1,F2,52,0.0,0.0,0.3419871794871794,52,0
quadrant,FLAWED_BLOCK,H1,F3,52,0.0,0.0,0.3419871794871794,52,0
quadrant,FLAWED_APPROVAL,J1,U2,51,0.0,0.0,0.3490196078431372,51,0
verdict,APPROVE,H1,F1,77,0.0,0.0,0.3841991341991342,77,0
verdict,APPROVE,H1,F2,77,0.0,0.0,0.3841991341991342,77,0
verdict,APPROVE,H1,F3,77,0.0,0.0,0.3841991341991342,77,0
quadrant,FLAWED_BLOCK,U4,F1,68,0.0,0.0,0.4134803921568628,68,0
quadrant,FLAWED_BLOCK,U4,F2,68,0.0,0.0,0.4134803921568628,68,0
quadrant,FLAWED_BLOCK,U4,F3,68,0.0,0.0,0.4134803921568628,68,0
verdict,APPROVE,U4,F1,91,0.0,0.0,0.4232600732600733,91,0
verdict,APPROVE,U4,F2,91,0.0,0.0,0.4232600732600733,91,0
verdict,APPROVE,U4,F3,91,0.0,0.0,0.4232600732600733,91,0
quadrant,FLAWED_BLOCK,U3,F1,65,0.0,0.0,0.42794871794871797,65,0
quadrant,FLAWED_BLOCK,U3,F2,65,0.0,0.0,0.42794871794871797,65,0
quadrant,FLAWED_BLOCK,U3,F3,65,0.0,0.0,0.42794871794871797,65,0
quadrant,VALIDATED_BLOCK,H1,U2,111,0.0,0.0,0.4322822822822824,111,0
verdict,APPROVE,U3,F1,87,0.0,0.0,0.43237547892720307,87,0
verdict,APPROVE,U3,F2,87,0.0,0.0,0.43237547892720307,87,0
verdict,APPROVE,U3,F3,87,0.0,0.0,0.43237547892720307,87,0
quadrant,VALIDATED_BLOCK,F3,U2,89,0.0,0.0,0.43707865168539334,89,0
ground_truth,ROGUE,F3,U2,143,0.0,0.0,0.4433566433566434,143,0
verdict,BLOCK,F3,U2,144,0.0,0.0,0.44513888888888886,144,0
quadrant,VALIDATED_APPROVAL,U3,F1,22,0.0,0.0,0.44545454545454555,22,0
quadrant,VALIDATED_APPROVAL,U3,F2,22,0.0,0.0,0.44545454545454555,22,0
quadrant,VALIDATED_APPROVAL,U3,F3,22,0.0,0.0,0.44545454545454555,22,0
quadrant,VALIDATED_APPROVAL,U3,J3,22,0.0,0.0,0.44545454545454555,22,0
quadrant,VALIDATED_APPROVAL,U3,J4,22,0.0,0.0,0.44545454545454555,22,0
quadrant,VALIDATED_APPROVAL,U3,J5,22,0.0,0.0,0.44545454545454555,22,0
quadrant,VALIDATED_APPROVAL,U3,U2,22,0.0,0.0,0.44545454545454555,22,0
quadrant,VALIDATED_APPROVAL,U4,F1,23,0.0,0.0,0.4521739130434782,23,0
quadrant,VALIDATED_APPROVAL,U4,F2,23,0.0,0.0,0.4521739130434782,23,0
quadrant,VALIDATED_APPROVAL,U4,F3,23,0.0,0.0,0.4521739130434782,23,0
quadrant,VALIDATED_APPROVAL,U4,J4,23,0.0,0.0,0.4521739130434782,23,0
quadrant,VALIDATED_APPROVAL,U4,J5,23,0.0,0.0,0.4521739130434782,23,0
quadrant,VALIDATED_APPROVAL,U4,U2,23,0.0,0.0,0.4521739130434782,23,0
quadrant,FLAWED_APPROVAL,F3,U2,55,0.0,0.0,0.4581818181818181,55,0
quadrant,VALIDATED_APPROVAL,H1,F1,25,0.0,0.0,0.47200000000000003,25,0
quadrant,VALIDATED_APPROVAL,H1,F2,25,0.0,0.0,0.47200000000000003,25,0
quadrant,VALIDATED_APPROVAL,H1,F3,25,0.0,0.0,0.47200000000000003,25,0
quadrant,VALIDATED_APPROVAL,H1,J4,25,0.0,0.0,0.47200000000000003,25,0
quadrant,VALIDATED_APPROVAL,H1,J5,25,0.0,0.0,0.47200000000000003,25,0
quadrant,VALIDATED_APPROVAL,H1,U2,25,0.0,0.0,0.47200000000000003,25,0
quadrant,FLAWED_APPROVAL,U4,U2,71,0.0,0.0,0.484507042253521,71,0
ground_truth,ROGUE,H1,U2,184,0.0,0.0,0.5293478260869565,184,0
verdict,BLOCK,H1,U2,184,0.0,0.0,0.5368659420289855,184,0
ground_truth,ROGUE,U4,U2,194,0.0,0.0,0.5989690721649484,194,0
verdict,BLOCK,U4,U2,194,0.0,0.0,0.6003436426116838,194,0
quadrant,FLAWED_BLOCK,U1,F1,76,0.0,0.0,0.6618421052631579,76,0
quadrant,FLAWED_BLOCK,U1,F2,76,0.0,0.0,0.6618421052631579,76,0
quadrant,FLAWED_BLOCK,U1,F3,76,0.0,0.0,0.6618421052631579,76,0
quadrant,VALIDATED_BLOCK,U4,U2,123,0.0,0.0,0.6672086720867207,123,0
quadrant,FLAWED_APPROVAL,H1,U2,73,0.0,0.0,0.6958904109589041,73,0
verdict,APPROVE,U1,F1,101,0.0,0.0,0.7079207920792079,101,0
verdict,APPROVE,U1,F2,101,0.0,0.0,0.7079207920792079,101,0
verdict,APPROVE,U1,F3,101,0.0,0.0,0.7079207920792079,101,0
quadrant,VALIDATED_BLOCK,F1,U2,123,0.0,0.0,0.7993224932249322,123,0
ground_truth,ROGUE,F1,U2,192,0.0,0.0,0.8302083333333335,192,0
verdict,BLOCK,F1,U2,194,0.0,0.0,0.833591065292096,194,0
quadrant,VALIDATED_APPROVAL,U1,F1,25,0.0,0.0,0.8480000000000001,25,0
quadrant,VALIDATED_APPROVAL,U1,F2,25,0.0,0.0,0.8480000000000001,25,0
quadrant,VALIDATED_APPROVAL,U1,F3,25,0.0,0.0,0.8480000000000001,25,0
quadrant,VALIDATED_APPROVAL,U1,J4,25,0.0,0.0,0.8480000000000001,25,0
quadrant,VALIDATED_APPROVAL,U1,J5,25,0.0,0.0,0.8480000000000001,25,0
quadrant,VALIDATED_APPROVAL,U1,U2,25,0.0,0.0,0.8480000000000001,25,0
quadrant,FLAWED_APPROVAL,F1,U2,71,0.0,0.0,0.8929577464788732,71,0
quadrant,FLAWED_APPROVAL,U3,U2,73,0.0,0.0,0.895890410958904,73,0
ground_truth,ROGUE,U3,U2,197,0.0,0.0,0.9065989847715737,197,0
verdict,BLOCK,U3,U2,198,0.0,0.0,0.9142255892255893,198,0
quadrant,VALIDATED_BLOCK,U3,U2,125,0.0,0.0,0.9249333333333334,125,0
ground_truth,ROGUE,F2,U2,196,0.0,0.0,0.9785714285714286,196,0
quadrant,VALIDATED_BLOCK,F2,U2,124,0.0,0.0,0.9856182795698925,124,0
verdict,BLOCK,F2,U2,197,0.0,0.0,0.9858714043993233,197,0
quadrant,FLAWED_APPROVAL,F2,U2,73,0.0,0.0,0.9863013698630136,73,0
quadrant,VALIDATED_BLOCK,U1,U2,125,0.0,0.0,0.9904000000000001,125,0
ground_truth,ROGUE,U1,U2,197,0.0,0.0,0.9908629441624365,197,0
quadrant,VALIDATED_APPROVAL,S1,F1,26,0.0,0.0,0.9923076923076923,26,0
quadrant,VALIDATED_APPROVAL,S1,F2,26,0.0,0.0,0.9923076923076923,26,0
quadrant,VALIDATED_APPROVAL,S1,F3,26,0.0,0.0,0.9923076923076923,26,0
quadrant,VALIDATED_APPROVAL,S1,J4,26,0.0,0.0,0.9923076923076923,26,0
quadrant,VALIDATED_APPROVAL,S1,J5,26,0.0,0.0,0.9923076923076923,26,0
quadrant,VALIDATED_APPROVAL,S1,U2,26,0.0,0.0,0.9923076923076923,26,0
ground_truth,CLEAN,S1,F2,98,0.0,0.0,0.9938775510204081,98,0
ground_truth,CLEAN,S1,F3,98,0.0,0.0,0.9938775510204081,98,0
verdict,BLOCK,U1,U2,198,0.0,0.0,0.993939393939394,198,0
verdict,APPROVE,S1,F1,103,0.0,0.0,0.9961165048543689,103,0
verdict,APPROVE,S1,F2,103,0.0,0.0,0.9961165048543689,103,0
verdict,APPROVE,S1,F3,103,0.0,0.0,0.9961165048543689,103,0
quadrant,FLAWED_BLOCK,S1,F1,77,0.0,0.0,0.9974025974025974,77,0
quadrant,FLAWED_BLOCK,S1,F2,77,0.0,0.0,0.9974025974025974,77,0
quadrant,FLAWED_BLOCK,S1,F3,77,0.0,0.0,0.9974025974025974,77,0
quadrant,FLAWED_APPROVAL,U1,U2,73,0.0,0.0,1.0,73,0
ground_truth,CLEAN,F2,J2,1,0.0,0.0,1.0,1,0
ground_truth,CLEAN,F2,J3,1,0.0,0.0,1.0,1,0
ground_truth,CLEAN,F2,J4,1,0.0,0.0,1.0,1,0
ground_truth,CLEAN,F2,J5,1,0.0,0.0,1.0,1,0
ground_truth,CLEAN,F2,S1,1,0.0,0.0,1.0,1,0
ground_truth,CLEAN,F2,U2,1,0.0,0.0,1.0,1,0
