antecedent,consequent,antecedent_active_cases,case_support_confidence,mean_consequent_rate_when_active,mean_rate_gap_when_active,cases_with_a_rate_gt_b_rate,cases_with_a_rate_le_b_rate
U4,S1,68,1.0,0.9970588235294118,0.0,0,68
U4,U1,68,1.0,0.663235294117647,0.0,0,68
U3,S1,65,1.0,0.9969230769230769,0.0,0,65
U3,U1,65,1.0,0.6923076923076923,0.0,0,65
H1,U1,52,1.0,0.7230769230769231,0.0,0,52
J1,S1,11,1.0,1.0,0.0,0,11
J1,U1,11,1.0,0.7454545454545454,0.0,0,11
J2,J1,6,1.0,0.2333333333333333,0.0,0,6
J2,S1,6,1.0,1.0,0.0,0,6
J2,U1,6,1.0,0.6666666666666666,0.0,0,6
J2,U3,6,1.0,0.4000000000000001,0.0,0,6
J2,U4,6,1.0,0.2333333333333333,0.0,0,6
J3,J1,2,1.0,0.2,0.0,0,2
J3,J2,2,1.0,0.2,0.0,0,2
J3,J4,2,1.0,0.2,0.0,0,2
J3,J5,2,1.0,0.2,0.0,0,2
J3,S1,2,1.0,1.0,0.0,0,2
J3,U1,2,1.0,0.7,0.0,0,2
J3,U3,2,1.0,0.5,0.0,0,2
J3,U4,2,1.0,0.2,0.0,0,2
J4,J1,2,1.0,0.2,0.0,0,2
J4,J2,2,1.0,0.2,0.0,0,2
J4,J3,2,1.0,0.2,0.0,0,2
J4,J5,2,1.0,0.2,0.0,0,2
J4,S1,2,1.0,1.0,0.0,0,2
J4,U1,2,1.0,0.7,0.0,0,2
J4,U3,2,1.0,0.5,0.0,0,2
J4,U4,2,1.0,0.2,0.0,0,2
J5,J1,2,1.0,0.2,0.0,0,2
J5,J2,2,1.0,0.2,0.0,0,2
J5,J3,2,1.0,0.2,0.0,0,2
J5,J4,2,1.0,0.2,0.0,0,2
J5,S1,2,1.0,1.0,0.0,0,2
J5,U1,2,1.0,0.7,0.0,0,2
J5,U3,2,1.0,0.5,0.0,0,2
J5,U4,2,1.0,0.2,0.0,0,2
U2,H1,2,1.0,0.30000000000000004,0.0,0,2
U2,S1,2,1.0,1.0,0.0,0,2
U2,U1,2,1.0,0.6,0.0,0,2
U2,U3,2,1.0,0.5,0.0,0,2
U2,U4,2,1.0,0.30000000000000004,0.0,0,2
J1,U3,11,1.0,0.3818181818181819,0.018181818181818184,1,10
U1,S1,76,0.9868421052631579,0.9842105263157894,0.013157894736842105,1,75
H1,S1,52,0.9807692307692307,0.9769230769230769,0.019230769230769232,1,51
H1,U3,52,0.9807692307692307,0.4503205128205128,0.04615384615384616,7,45
S1,U1,77,0.974025974025974,0.6402597402597402,0.35714285714285715,60,17
J1,U4,11,0.9090909090909091,0.27272727272727276,0.03636363636363637,1,10
U3,U4,65,0.9076923076923077,0.3787179487179487,0.12923076923076923,25,40
U1,U4,76,0.8947368421052632,0.3699561403508772,0.29188596491228064,57,19
S1,U4,77,0.8831168831168831,0.36515151515151517,0.6322510822510822,75,2
U4,U3,68,0.8676470588235294,0.36495098039215684,0.12794117647058822,27,41
H1,U4,52,0.8653846153846154,0.34262820512820513,0.1,13,39
U1,U3,76,0.8552631578947368,0.36600877192982456,0.2958333333333333,61,15
S1,U3,77,0.8441558441558441,0.3612554112554113,0.636147186147186,76,1
J2,H1,6,0.8333333333333334,0.2333333333333333,0.03333333333333333,1,5
J1,H1,11,0.8181818181818182,0.3090909090909091,0.03636363636363637,2,9
U3,H1,65,0.7846153846153846,0.2582051282051282,0.19128205128205128,42,23
U1,H1,76,0.6842105263157895,0.23399122807017542,0.4278508771929824,72,4
S1,H1,77,0.6623376623376623,0.21796536796536797,0.7794372294372293,76,1
U4,H1,68,0.6617647058823529,0.20269607843137252,0.2284313725490196,42,26
J1,J2,11,0.5454545454545454,0.10909090909090909,0.12727272727272726,6,5
J3,H1,2,0.5,0.2,0.1,1,1
J4,H1,2,0.5,0.2,0.1,1,1
J5,H1,2,0.5,0.2,0.1,1,1
J2,J3,6,0.3333333333333333,0.06666666666666667,0.13333333333333333,4,2
J2,J4,6,0.3333333333333333,0.06666666666666667,0.13333333333333333,4,2
J2,J5,6,0.3333333333333333,0.06666666666666667,0.13333333333333333,4,2
J1,J3,11,0.18181818181818182,0.03636363636363637,0.2,9,2
J1,J4,11,0.18181818181818182,0.03636363636363637,0.2,9,2
J1,J5,11,0.18181818181818182,0.03636363636363637,0.2,9,2
H1,J1,52,0.17307692307692307,0.04230769230769231,0.29967948717948717,47,5
U3,J1,65,0.16923076923076924,0.04000000000000001,0.3910256410256411,60,5
U4,J1,68,0.14705882352941177,0.03235294117647059,0.3811274509803922,61,7
U1,J1,76,0.14473684210526316,0.034210526315789476,0.6276315789473684,76,0
S1,J1,77,0.14285714285714285,0.03376623376623377,0.9636363636363636,77,0
H1,J2,52,0.09615384615384616,0.019230769230769232,0.3227564102564102,49,3
U3,J2,65,0.09230769230769231,0.018461538461538463,0.4094871794871795,62,3
U4,J2,68,0.08823529411764706,0.017647058823529415,0.39583333333333337,63,5
U1,J2,76,0.07894736842105263,0.01578947368421053,0.6460526315789474,76,0
S1,J2,77,0.07792207792207792,0.015584415584415586,0.9818181818181819,77,0
H1,U2,52,0.038461538461538464,0.007692307692307693,0.3342948717948717,51,1
U3,J3,65,0.03076923076923077,0.006153846153846154,0.4217948717948718,65,0
U3,J4,65,0.03076923076923077,0.006153846153846154,0.4217948717948718,65,0
U3,J5,65,0.03076923076923077,0.006153846153846154,0.4217948717948718,65,0
U3,U2,65,0.03076923076923077,0.006153846153846154,0.4217948717948718,65,0
U4,J3,68,0.029411764705882353,0.0058823529411764705,0.40759803921568627,66,2
U4,J4,68,0.029411764705882353,0.0058823529411764705,0.40759803921568627,66,2
U4,J5,68,0.029411764705882353,0.0058823529411764705,0.40759803921568627,66,2
U4,U2,68,0.029411764705882353,0.0058823529411764705,0.4075980392156863,67,1
U1,J3,76,0.02631578947368421,0.005263157894736842,0.656578947368421,76,0
U1,J4,76,0.02631578947368421,0.005263157894736842,0.656578947368421,76,0
U1,J5,76,0.02631578947368421,0.005263157894736842,0.656578947368421,76,0
U1,U2,76,0.02631578947368421,0.005263157894736842,0.656578947368421,76,0
S1,J3,77,0.025974025974025976,0.005194805194805195,0.9922077922077923,77,0
S1,J4,77,0.025974025974025976,0.005194805194805195,0.9922077922077923,77,0
S1,J5,77,0.025974025974025976,0.005194805194805195,0.9922077922077923,77,0
S1,U2,77,0.025974025974025976,0.005194805194805195,0.9922077922077923,77,0
H1,J3,52,0.019230769230769232,0.0038461538461538464,0.3381410256410256,52,0
H1,J4,52,0.019230769230769232,0.0038461538461538464,0.3381410256410256,52,0
H1,J5,52,0.019230769230769232,0.0038461538461538464,0.3381410256410256,52,0
J2,F1,6,0.0,0.0,0.19999999999999998,6,0
J2,F2,6,0.0,0.0,0.19999999999999998,6,0
J2,F3,6,0.0,0.0,0.19999999999999998,6,0
J2,U2,6,0.0,0.0,0.19999999999999998,6,0
J3,F1,2,0.0,0.0,0.2,2,0
J3,F2,2,0.0,0.0,0.2,2,0
J3,F3,2,0.0,0.0,0.2,2,0
J3,U2,2,0.0,0.0,0.2,2,0
J4,F1,2,0.0,0.0,0.2,2,0
J4,F2,2,0.0,0.0,0.2,2,0
J4,F3,2,0.0,0.0,0.2,2,0
J4,U2,2,0.0,0.0,0.2,2,0
J5,F1,2,0.0,0.0,0.2,2,0
J5,F2,2,0.0,0.0,0.2,2,0
J5,F3,2,0.0,0.0,0.2,2,0
J5,U2,2,0.0,0.0,0.2,2,0
U2,F1,2,0.0,0.0,0.2,2,0
U2,F2,2,0.0,0.0,0.2,2,0
U2,F3,2,0.0,0.0,0.2,2,0
U2,J1,2,0.0,0.0,0.2,2,0
U2,J2,2,0.0,0.0,0.2,2,0
U2,J3,2,0.0,0.0,0.2,2,0
U2,J4,2,0.0,0.0,0.2,2,0
U2,J5,2,0.0,0.0,0.2,2,0
J1,F1,11,0.0,0.0,0.23636363636363641,11,0
J1,F2,11,0.0,0.0,0.23636363636363641,11,0
J1,F3,11,0.0,0.0,0.23636363636363641,11,0
J1,U2,11,0.0,0.0,0.23636363636363641,11,0
H1,F1,52,0.0,0.0,0.3419871794871794,52,0
H1,F2,52,0.0,0.0,0.3419871794871794,52,0
H1,F3,52,0.0,0.0,0.3419871794871794,52,0
U4,F1,68,0.0,0.0,0.4134803921568628,68,0
U4,F2,68,0.0,0.0,0.4134803921568628,68,0
U4,F3,68,0.0,0.0,0.4134803921568628,68,0
U3,F1,65,0.0,0.0,0.42794871794871797,65,0
U3,F2,65,0.0,0.0,0.42794871794871797,65,0
U3,F3,65,0.0,0.0,0.42794871794871797,65,0
U1,F1,76,0.0,0.0,0.6618421052631579,76,0
U1,F2,76,0.0,0.0,0.6618421052631579,76,0
U1,F3,76,0.0,0.0,0.6618421052631579,76,0
S1,F1,77,0.0,0.0,0.9974025974025974,77,0
S1,F2,77,0.0,0.0,0.9974025974025974,77,0
S1,F3,77,0.0,0.0,0.9974025974025974,77,0
