rule_a,rule_b,cases,active_cases_a,active_cases_b,both_active_cases,mean_a,mean_b,prevalence_gap,pearson,spearman,cosine,mae,rmse,max_abs_diff,exact_same_cases,exact_same_rate,within_20pp_cases,within_20pp_rate,within_40pp_cases,within_40pp_rate,both_variable_cases,profile_score
J4,J5,99,2,2,2,0.00404040404040404,0.00404040404040404,0.0,1.0,1.0,0.9999999999999998,0.0,0.0,0.0,99,1.0,99,1.0,99,1.0,2,1.0
F2,F3,99,1,1,1,0.010101010101010102,0.00202020202020202,0.00808080808080808,1.0,0.9999999999999998,1.0,0.00808080808080808,0.08040302522073697,0.8,98,0.98989898989899,98,0.98989898989899,98,0.98989898989899,0,0.9919191919191919
F1,F3,99,2,1,1,0.0060606060606060615,0.00202020202020202,0.004040404040404041,0.8935182737458545,0.7107053122190142,0.8944271909999159,0.00404040404040404,0.02842676218074806,0.2,97,0.9797979797979798,99,1.0,99,1.0,1,0.8899080989024368
F1,F2,99,2,1,1,0.0060606060606060615,0.010101010101010102,0.00404040404040404,0.893518273745844,0.7107053122190142,0.8944271909999159,0.00808080808080808,0.06356417261637282,0.6,97,0.9797979797979798,98,0.98989898989899,98,0.98989898989899,0,0.8862979240590089
J3,J4,99,3,2,2,0.0060606060606060615,0.00404040404040404,0.002020202020202021,0.8122769321069032,0.8122769321068951,0.8164965809277259,0.00202020202020202,0.020100756305184243,0.2,98,0.98989898989899,99,1.0,99,1.0,2,0.8106359686076974
J3,J5,99,3,2,2,0.0060606060606060615,0.00404040404040404,0.002020202020202021,0.8122769321069032,0.8122769321068951,0.8164965809277259,0.00202020202020202,0.020100756305184243,0.2,98,0.98989898989899,99,1.0,99,1.0,2,0.8106359686076974
J1,J2,99,21,9,9,0.04646464646464647,0.01818181818181818,0.02828282828282829,0.5941647216201164,0.6105534601792605,0.6415002990995842,0.02828282828282828,0.08040302522073697,0.4,86,0.8686868686868687,98,0.98989898989899,99,1.0,9,0.5773600628268202
J2,J4,99,9,2,2,0.01818181818181818,0.00404040404040404,0.01414141414141414,0.45407660918650233,0.45407660918649984,0.47140452079103157,0.01414141414141414,0.05318160234783105,0.2,92,0.9292929292929293,99,1.0,99,1.0,2,0.447655323804067
J2,J5,99,9,2,2,0.01818181818181818,0.00404040404040404,0.01414141414141414,0.45407660918650233,0.45407660918649984,0.47140452079103157,0.01414141414141414,0.05318160234783105,0.2,92,0.9292929292929293,99,1.0,99,1.0,2,0.447655323804067
U1,U3,99,97,86,86,0.6888888888888889,0.37777777777777777,0.3111111111111111,0.588602011685014,0.5675171022966964,0.8994244185547783,0.31111111111111106,0.38349798835288185,1.0,19,0.1919191919191919,45,0.45454545454545453,83,0.8383838383838383,61,0.4054813858274541
H1,U3,99,75,86,72,0.2888888888888889,0.37777777777777777,0.08888888888888885,0.5029740745482846,0.5096141515413146,0.8266635621551279,0.19393939393939388,0.2526625889172828,0.6000000000000001,30,0.30303030303030304,73,0.7373737373737373,95,0.9595959595959596,68,0.40542758736316276
J2,J3,99,9,3,2,0.01818181818181818,0.0060606060606060615,0.01212121212121212,0.3540440964374669,0.3540440964374667,0.38490017945975047,0.01616161616161616,0.05685352436149612,0.2,91,0.9191919191919192,99,1.0,99,1.0,2,0.3483221716465584
U1,U4,99,97,88,88,0.6888888888888889,0.36565656565656574,0.32323232323232315,0.510537262678076,0.5111537051701724,0.893760880169076,0.3232323232323232,0.4,1.0,20,0.20202020202020202,40,0.40404040404040403,78,0.7878787878787878,64,0.3455151171659706
H1,U1,99,75,97,75,0.2888888888888889,0.6888888888888889,0.39999999999999997,0.5727491458266432,0.6136055140452616,0.856010255583404,0.4040404040404041,0.4583677673015524,1.0,8,0.08080808080808081,30,0.30303030303030304,63,0.6363636363636364,50,0.34133534953304995
J1,J3,99,21,3,3,0.04646464646464647,0.0060606060606060615,0.040404040404040414,0.29015243034622573,0.3311430865061133,0.3333333333333333,0.04040404040404041,0.09847319278346618,0.4,81,0.8181818181818182,97,0.9797979797979798,99,1.0,3,0.2784290998271863
J1,J4,99,21,2,2,0.04646464646464647,0.00404040404040404,0.042424242424242434,0.2356841259649923,0.268979890395594,0.2721655269759086,0.04242424242424243,0.10050378152592121,0.4,80,0.8080808080808081,97,0.9797979797979798,99,1.0,2,0.22568540546950777
J1,J5,99,21,2,2,0.04646464646464647,0.00404040404040404,0.042424242424242434,0.2356841259649923,0.268979890395594,0.2721655269759086,0.04242424242424243,0.10050378152592121,0.4,80,0.8080808080808081,97,0.9797979797979798,99,1.0,2,0.22568540546950777
F1,U3,99,2,86,2,0.0060606060606060615,0.37777777777777777,0.3717171717171717,0.3115104024009066,0.2374612305841487,0.2802804207012272,0.3717171717171718,0.4385467276394071,1.0,13,0.13131313131313133,37,0.37373737373737376,74,0.7474747474747475,1,0.19571663665996353
H1,J1,99,75,21,19,0.2888888888888889,0.04646464646464647,0.24242424242424243,0.21991339826088058,0.14137907421003323,0.4703604341917987,0.25050505050505045,0.33393884397468876,1.0,31,0.31313131313131315,58,0.5858585858585859,88,0.8888888888888888,18,0.1648239813228014
F2,U3,99,1,86,1,0.010101010101010102,0.37777777777777777,0.36767676767676766,0.2589848851414068,0.17795670448798792,0.22383074051792262,0.36767676767676766,0.43762444117662297,1.0,14,0.1414141414141414,38,0.3838383838383838,75,0.7575757575757576,0,0.16376215969547542
F3,U3,99,1,86,1,0.00202020202020202,0.37777777777777777,0.37575757575757573,0.2589848851414062,0.17795670448798792,0.22383074051792262,0.3757575757575758,0.4449492083146098,1.0,13,0.13131313131313133,37,0.37373737373737376,74,0.7474747474747475,0,0.16166935254281722
F2,H1,99,1,75,1,0.010101010101010102,0.2888888888888889,0.2787878787878788,0.22318911651003598,0.1679378793521709,0.21725017863742738,0.2828282828282828,0.3618136134933164,1.0,24,0.24242424242424243,52,0.5252525252525253,88,0.8888888888888888,0,0.16006492194154096
F1,H1,99,2,75,2,0.0060606060606060615,0.2888888888888889,0.2828282828282829,0.2222338736691941,0.17119511821141914,0.24289308377863014,0.2828282828282828,0.36181361349331637,1.0,24,0.24242424242424243,52,0.5252525252525253,88,0.8888888888888888,2,0.1593798487930584
F3,H1,99,1,75,1,0.00202020202020202,0.2888888888888889,0.2868686868686869,0.22318911651003587,0.1679378793521709,0.2172501786374274,0.28686868686868683,0.36625321041789405,1.0,24,0.24242424242424243,51,0.5151515151515151,87,0.8787878787878788,1,0.15916314773341952
F3,J1,99,1,21,1,0.00202020202020202,0.04646464646464647,0.04444444444444445,0.165801388769272,0.1892246208606362,0.19245008972987526,0.044444444444444446,0.10249414863810766,0.4,79,0.797979797979798,97,0.9797979797979798,99,1.0,1,0.15843243815730437
F2,J1,99,1,21,1,0.010101010101010102,0.04646464646464647,0.03636363636363637,0.16580138876927186,0.1892246208606362,0.19245008972987523,0.05252525252525253,0.13026778945578593,0.8,78,0.7878787878787878,96,0.9696969696969697,98,0.98989898989899,0,0.1570926289551283
F1,J1,99,2,21,1,0.0060606060606060615,0.04646464646464647,0.040404040404040414,0.12637442284133238,0.09905694729957268,0.17213259316477408,0.04848484848484849,0.1063632046956621,0.4,77,0.7777777777777778,97,0.9797979797979798,99,1.0,1,0.1202471780975102
J1,U1,99,21,97,21,0.04646464646464647,0.6888888888888889,0.6424242424242425,0.185163064102525,0.1699178180523164,0.47475724351553955,0.6424242424242425,0.6898982504395819,1.0,2,0.020202020202020204,9,0.09090909090909091,27,0.2727272727272727,14,0.06620982292150894
U3,U4,99,86,88,78,0.37777777777777777,0.36565656565656574,0.012121212121212033,0.08328909249454455,0.0926460537317102,0.7424638816848192,0.23434343434343433,0.31526804372460493,0.8,29,0.29292929292929293,63,0.6363636363636364,86,0.8686868686868687,75,0.06377084051602502
F1,U1,99,2,97,2,0.0060606060606060615,0.6888888888888889,0.6828282828282828,0.168393828513641,0.1889944494594146,0.18387268976270238,0.6828282828282828,0.726413634010794,1.0,2,0.020202020202020204,6,0.06060606060606061,22,0.2222222222222222,0,0.05340975975079119
J4,U3,99,2,86,2,0.00404040404040404,0.37777777777777777,0.3737373737373737,0.072313810237872,0.09649093460325583,0.15827223445822958,0.37373737373737376,0.4454030067072274,1.0,13,0.13131313131313133,38,0.3838383838383838,75,0.7575757575757576,2,0.045287436714626914
J5,U3,99,2,86,2,0.00404040404040404,0.37777777777777777,0.3737373737373737,0.072313810237872,0.09649093460325583,0.15827223445822958,0.37373737373737376,0.4454030067072274,1.0,13,0.13131313131313133,38,0.3838383838383838,75,0.7575757575757576,2,0.045287436714626914
U2,U3,99,2,86,2,0.00404040404040404,0.37777777777777777,0.3737373737373737,0.0723138102378719,0.09649093460325583,0.15827223445822958,0.37373737373737376,0.4454030067072274,1.0,13,0.13131313131313133,38,0.3838383838383838,75,0.7575757575757576,2,0.045287436714626844
F2,U1,99,1,97,1,0.010101010101010102,0.6888888888888889,0.6787878787878788,0.12499999999999986,0.13296259800656535,0.13705061117171072,0.6787878787878788,0.726413634010794,1.0,3,0.030303030303030304,7,0.0707070707070707,23,0.23232323232323232,0,0.040151515151515105
F3,U1,99,1,97,1,0.00202020202020202,0.6888888888888889,0.6868686868686869,0.1250000000000002,0.13296259800656535,0.13705061117171075,0.6868686868686867,0.7308497890410958,1.0,2,0.020202020202020204,6,0.06060606060606061,22,0.2222222222222222,0,0.03914141414141422
J2,U3,99,9,86,8,0.01818181818181818,0.37777777777777777,0.3595959595959596,0.05791078083211591,0.04658391759785757,0.2835189379893686,0.36363636363636365,0.4357740124181224,1.0,15,0.15151515151515152,38,0.3838383838383838,76,0.7676767676767676,8,0.03685231507498285
S1,U4,99,98,88,87,0.9838383838383837,0.36565656565656574,0.6181818181818179,0.06275218085024697,0.016488292322196018,0.8533195795884921,0.6222222222222222,0.6630203312085985,1.0,1,0.010101010101010102,7,0.0707070707070707,30,0.30303030303030304,3,0.023706379432315523
J3,U4,99,3,88,3,0.0060606060606060615,0.36565656565656574,0.3595959595959597,0.027335853434731758,-0.002135901230903628,0.1627576917542319,0.3595959595959597,0.4235492172037854,1.0,13,0.13131313131313133,41,0.41414141414141414,71,0.7171717171717171,3,0.01750599098749488
J3,U1,99,3,97,3,0.0060606060606060615,0.6888888888888889,0.6828282828282828,0.03125000000000007,0.025499676330026224,0.17407765595569782,0.6828282828282828,0.7280803596451495,1.0,2,0.020202020202020204,6,0.06060606060606061,23,0.23232323232323232,3,0.009911616161616186
H1,U2,99,75,2,2,0.2888888888888889,0.00404040404040404,0.28484848484848485,0.006896954325374702,0.019674817128565288,0.11521430589638529,0.28484848484848485,0.3679042475339682,1.0,25,0.25252525252525254,52,0.5252525252525253,87,0.8787878787878788,2,0.004932367335722514
J4,U1,99,2,97,2,0.00404040404040404,0.6888888888888889,0.6848484848484848,0.006345913532085139,-0.0012945499286920324,0.13567318313538843,0.6848484848484848,0.7300200633744891,1.0,2,0.020202020202020204,6,0.06060606060606061,23,0.23232323232323232,2,0.001999924264657135
J5,U1,99,2,97,2,0.00404040404040404,0.6888888888888889,0.6848484848484848,0.006345913532085139,-0.0012945499286920324,0.13567318313538843,0.6848484848484848,0.7300200633744891,1.0,2,0.020202020202020204,6,0.06060606060606061,23,0.23232323232323232,2,0.001999924264657135
J2,S1,99,9,98,9,0.01818181818181818,0.9838383838383837,0.9656565656565655,0.048614481372464775,0.06487822187351767,0.304729537125191,0.9656565656565658,0.9727603128533906,1.0,1,0.010101010101010102,1,0.010101010101010102,1,0.010101010101010102,0,0.0016695882491553505
J3,S1,99,3,98,3,0.0060606060606060615,0.9838383838383837,0.9777777777777776,0.027176321259932447,0.03626802859212482,0.17593568028925913,0.9777777777777777,0.9839109756887602,1.0,1,0.010101010101010102,1,0.010101010101010102,1,0.010101010101010102,0,0.0006039182502207219
J4,S1,99,2,98,2,0.00404040404040404,0.9838383838383837,0.9797979797979797,0.02207469885896921,0.029459682998376313,0.1436508814193736,0.9797979797979798,0.9857571565640149,1.0,1,0.010101010101010102,1,0.010101010101010102,1,0.010101010101010102,0,0.0004459535123024087
J5,S1,99,2,98,2,0.00404040404040404,0.9838383838383837,0.9797979797979797,0.02207469885896921,0.029459682998376313,0.1436508814193736,0.9797979797979798,0.9857571565640149,1.0,1,0.010101010101010102,1,0.010101010101010102,1,0.010101010101010102,0,0.0004459535123024087
S1,U2,99,98,2,2,0.9838383838383837,0.00404040404040404,0.9797979797979797,0.022074698858969156,0.029459682998376313,0.1436508814193736,0.9797979797979798,0.9857571565640149,1.0,1,0.010101010101010102,1,0.010101010101010102,1,0.010101010101010102,0,0.0004459535123024076
H1,J2,99,75,9,8,0.2888888888888889,0.01818181818181818,0.27070707070707073,3.638776071623471e-17,0.017331716041320576,0.23535436019054634,0.2747474747474748,0.36069517615433966,1.0,27,0.2727272727272727,54,0.5454545454545454,88,0.8888888888888888,8,2.639031534773386e-17
J2,U1,99,9,97,9,0.01818181818181818,0.6888888888888889,0.6707070707070707,5.831026449715127e-17,-0.0114038019356362,0.2832379297548689,0.6707070707070706,0.7185844671043456,1.0,2,0.020202020202020204,9,0.09090909090909091,23,0.23232323232323232,7,1.9201157804112446e-17
J1,U3,99,21,86,18,0.04646464646464647,0.37777777777777777,0.3313131313131313,-0.007910009878601775,-0.03736244645576232,0.37045571643401626,0.34747474747474744,0.42163702135578396,1.0,16,0.16161616161616163,43,0.43434343434343436,77,0.7777777777777778,17,-0.005161481193511865
F2,S1,99,1,98,0,0.010101010101010102,0.9838383838383837,0.9737373737373737,-0.9453477466847853,-0.5077524002897474,0.0,0.9939393939393939,0.9945304968128977,1.0,0,0.0,0,0.0,0,0.0,0,-0.00572938028293813
J1,S1,99,21,98,20,0.04646464646464647,0.9838383838383837,0.9373737373737373,-0.17015594848368684,-0.1415394028776683,0.4261553144784275,0.9414141414141415,0.9496410805236797,1.0,0,0.0,1,0.010101010101010102,1,0.010101010101010102,1,-0.009968732335407904
F1,U4,99,2,88,2,0.0060606060606060615,0.36565656565656574,0.3595959595959597,-0.01980531744510808,0.021948518670717124,0.1050596382718834,0.3636363636363637,0.4254528187826484,1.0,11,0.1111111111111111,41,0.41414141414141414,72,0.7272727272727273,2,-0.01260338382870514
F1,S1,99,2,98,1,0.0060606060606060615,0.9838383838383837,0.9777777777777776,-0.9283401700378386,-0.7071443602677628,0.03634111785407857,0.9858585858585858,0.9888264649460884,1.0,0,0.0,0,0.0,1,0.010101010101010102,1,-0.013128042808615984
F3,S1,99,1,98,0,0.00202020202020202,0.9838383838383837,0.9818181818181817,-0.9453477466847832,-0.5077524002897474,0.0,0.985858585858586,0.9896433394884944,1.0,0,0.0,1,0.010101010101010102,1,0.010101010101010102,0,-0.013368553993522062
F2,U2,99,1,2,0,0.010101010101010102,0.00404040404040404,0.0060606060606060615,-0.014504945216194562,-0.014504945216194557,0.0,0.01414141414141414,0.1044465935734187,1.0,96,0.9696969696969697,98,0.98989898989899,98,0.98989898989899,0,-0.01429982477879383
F2,J4,99,1,2,0,0.010101010101010102,0.00404040404040404,0.0060606060606060615,-0.01450494521619459,-0.014504945216194557,0.0,0.01414141414141414,0.1044465935734187,1.0,96,0.9696969696969697,98,0.98989898989899,98,0.98989898989899,0,-0.014299824778793858
F2,J5,99,1,2,0,0.010101010101010102,0.00404040404040404,0.0060606060606060615,-0.01450494521619459,-0.014504945216194557,0.0,0.01414141414141414,0.1044465935734187,1.0,96,0.9696969696969697,98,0.98989898989899,98,0.98989898989899,0,-0.014299824778793858
F3,U2,99,1,2,0,0.00202020202020202,0.00404040404040404,0.00202020202020202,-0.014504945216194606,-0.014504945216194557,0.0,0.0060606060606060615,0.03481553119113957,0.2,96,0.9696969696969697,99,1.0,99,1.0,0,-0.014417036457308578
F3,J4,99,1,2,0,0.00202020202020202,0.00404040404040404,0.00202020202020202,-0.014504945216194632,-0.014504945216194557,0.0,0.0060606060606060615,0.03481553119113957,0.2,96,0.9696969696969697,99,1.0,99,1.0,0,-0.014417036457308604
F3,J5,99,1,2,0,0.00202020202020202,0.00404040404040404,0.00202020202020202,-0.014504945216194632,-0.014504945216194557,0.0,0.0060606060606060615,0.03481553119113957,0.2,96,0.9696969696969697,99,1.0,99,1.0,0,-0.014417036457308604
U1,U2,99,97,2,2,0.6888888888888889,0.00404040404040404,0.6848484848484848,-0.050767308256681,-0.06731659629198568,0.11629129983033293,0.6848484848484848,0.7305733185227706,1.0,2,0.020202020202020204,6,0.06060606060606061,24,0.24242424242424243,2,-0.015999394117257044
F2,J3,99,1,3,0,0.010101010101010102,0.0060606060606060615,0.00404040404040404,-0.017857142857142894,-0.017857142857142856,0.0,0.01616161616161616,0.1063632046956621,1.0,95,0.9595959595959596,98,0.98989898989899,98,0.98989898989899,0,-0.017568542568542605
F3,J3,99,1,3,0,0.00202020202020202,0.0060606060606060615,0.004040404040404041,-0.017857142857142926,-0.017857142857142856,0.0,0.00808080808080808,0.04020151261036849,0.2,95,0.9595959595959596,99,1.0,99,1.0,0,-0.01771284271284278
F1,U2,99,2,2,0,0.0060606060606060615,0.00404040404040404,0.002020202020202021,-0.019540346058685015,-0.020617483237190506,0.0,0.010101010101010102,0.05318160234783105,0.4,95,0.9595959595959596,98,0.98989898989899,99,1.0,0,-0.019342968825769007
F1,J4,99,2,2,0,0.0060606060606060615,0.00404040404040404,0.002020202020202021,-0.019540346058685064,-0.020617483237190506,0.0,0.010101010101010102,0.05318160234783105,0.4,95,0.9595959595959596,98,0.98989898989899,99,1.0,0,-0.019342968825769052
F1,J5,99,2,2,0,0.0060606060606060615,0.00404040404040404,0.002020202020202021,-0.019540346058685064,-0.020617483237190506,0.0,0.010101010101010102,0.05318160234783105,0.4,95,0.9595959595959596,98,0.98989898989899,99,1.0,0,-0.019342968825769052
J3,U3,99,3,86,2,0.0060606060606060615,0.37777777777777777,0.3717171717171717,-0.0323731106426758,-0.012842236406349643,0.1292287382909359,0.3757575757575758,0.44585634321817025,1.0,12,0.12121212121212122,38,0.3838383838383838,75,0.7575757575757576,2,-0.020208669067852167
J4,U2,99,2,2,0,0.00404040404040404,0.00404040404040404,0.0,-0.020618556701031018,-0.02061855670103093,0.0,0.00808080808080808,0.04020151261036849,0.2,95,0.9595959595959596,99,1.0,99,1.0,0,-0.020451942101426725
J5,U2,99,2,2,0,0.00404040404040404,0.00404040404040404,0.0,-0.020618556701031018,-0.02061855670103093,0.0,0.00808080808080808,0.04020151261036849,0.2,95,0.9595959595959596,99,1.0,99,1.0,0,-0.020451942101426725
F1,J3,99,2,3,0,0.0060606060606060615,0.0060606060606060615,0.0,-0.02405626121623439,-0.02538233257925051,0.0,0.012121212121212121,0.05685352436149612,0.4,94,0.9494949494949495,98,0.98989898989899,99,1.0,0,-0.023764670171189127
J3,U2,99,3,2,0,0.0060606060606060615,0.00404040404040404,0.002020202020202021,-0.025383654128340555,-0.025383654128340472,0.0,0.010101010101010102,0.044946657497549475,0.2,94,0.9494949494949495,99,1.0,99,1.0,0,-0.025127253581589643
U2,U4,99,2,88,2,0.00404040404040404,0.36565656565656574,0.36161616161616167,-0.042449364873285045,-0.04424105412760438,0.09966832412776433,0.3616161616161617,0.42592738983791756,1.0,12,0.12121212121212122,42,0.42424242424242425,71,0.7171717171717171,2,-0.027098988484763782
F2,J2,99,1,9,0,0.010101010101010102,0.01818181818181818,0.008080808080808079,-0.03194382824999688,-0.031943828249996996,0.0,0.02828282828282828,0.11720654306553768,1.0,89,0.898989898989899,98,0.98989898989899,98,0.98989898989899,0,-0.031040366440906058
F3,J2,99,1,9,0,0.00202020202020202,0.01818181818181818,0.01616161616161616,-0.031943828249997024,-0.031943828249996996,0.0,0.020202020202020204,0.06356417261637283,0.2,89,0.898989898989899,99,1.0,99,1.0,0,-0.03129849838636072
H1,J4,99,75,2,1,0.2888888888888889,0.00404040404040404,0.28484848484848485,-0.05517563460299758,-0.04721956110855668,0.07680953726425686,0.28888888888888886,0.36900083490639446,1.0,23,0.23232323232323232,52,0.5252525252525253,87,0.8787878787878788,1,-0.03923600682879828
H1,J5,99,75,2,1,0.2888888888888889,0.00404040404040404,0.28484848484848485,-0.05517563460299758,-0.04721956110855668,0.07680953726425686,0.28888888888888886,0.36900083490639446,1.0,23,0.23232323232323232,52,0.5252525252525253,87,0.8787878787878788,1,-0.03923600682879828
J1,U4,99,21,88,20,0.04646464646464647,0.36565656565656574,0.31919191919191925,-0.05932711879930723,-0.060504224623421754,0.3526416654675024,0.3272727272727273,0.4030189107526375,1.0,22,0.2222222222222222,43,0.43434343434343436,75,0.7575757575757576,20,-0.03991097082862486
F1,J2,99,2,9,0,0.0060606060606060615,0.01818181818181818,0.01212121212121212,-0.04303314829119348,-0.045405296859769365,0.0,0.024242424242424246,0.07521014330903551,0.4,88,0.8888888888888888,98,0.98989898989899,99,1.0,0,-0.04198992045383121
J2,U2,99,9,2,0,0.01818181818181818,0.00404040404040404,0.01414141414141414,-0.045407660918649985,-0.04540766091864998,0.0,0.022222222222222223,0.06666666666666668,0.2,88,0.8888888888888888,99,1.0,99,1.0,0,-0.04439860178712443
F2,U4,99,1,88,1,0.010101010101010102,0.36565656565656574,0.3555555555555556,-0.07534588173606693,-0.08604630673068903,0.04698409857349397,0.37171717171717183,0.43484584520368724,1.0,11,0.1111111111111111,40,0.40404040404040403,70,0.7070707070707071,0,-0.04733852367659962
F3,U4,99,1,88,1,0.00202020202020202,0.36565656565656574,0.3636363636363637,-0.07534588173606725,-0.08604630673068903,0.04698409857349397,0.3636363636363637,0.42734794094070777,1.0,12,0.12121212121212122,41,0.41414141414141414,71,0.7171717171717171,1,-0.047947379286588244
H1,J3,99,75,3,2,0.2888888888888889,0.0060606060606060615,0.2828282828282829,-0.06792712241609787,-0.06459149205852728,0.09407208683835973,0.28686868686868683,0.3684529491774707,1.0,24,0.24242424242424243,52,0.5252525252525253,87,0.8787878787878788,2,-0.048440958005823334
J1,U2,99,21,2,0,0.04646464646464647,0.00404040404040404,0.042424242424242434,-0.07132545917361587,-0.07432339076720361,0.0,0.050505050505050504,0.10824588545146517,0.4,76,0.7676767676767676,97,0.9797979797979798,99,1.0,0,-0.06772316325575647
J4,U4,99,2,88,2,0.00404040404040404,0.36565656565656574,0.36161616161616167,-0.10710301291105802,-0.12231350258808271,0.06644554941850955,0.3616161616161617,0.4268749491621899,1.0,13,0.13131313131313133,41,0.41414141414141414,71,0.7171717171717171,2,-0.06837283248463501
J5,U4,99,2,88,2,0.00404040404040404,0.36565656565656574,0.36161616161616167,-0.10710301291105802,-0.12231350258808271,0.06644554941850955,0.3616161616161617,0.4268749491621899,1.0,13,0.13131313131313133,41,0.41414141414141414,71,0.7171717171717171,2,-0.06837283248463501
H1,S1,99,75,98,74,0.2888888888888889,0.9838383838383837,0.6949494949494948,-0.273209376554307,-0.24461540020949782,0.7580191560114782,0.7111111111111111,0.7488712044190782,1.0,3,0.030303030303030304,5,0.050505050505050504,13,0.13131313131313133,3,-0.07892715322679979
J2,U4,99,9,88,9,0.01818181818181818,0.36565656565656574,0.34747474747474755,-0.14094665875993043,-0.1598374808969364,0.18793639429397585,0.34747474747474755,0.4206776639776552,1.0,18,0.18181818181818182,42,0.42424242424242425,72,0.7272727272727273,9,-0.09197125409991419
S1,U3,99,98,86,85,0.9838383838383837,0.37777777777777777,0.606060606060606,-0.2674537447226398,-0.13735762411154462,0.8212223689470806,0.6262626262626262,0.6714976477316141,1.0,2,0.020202020202020204,11,0.1111111111111111,25,0.25252525252525254,3,-0.09995746014886539
S1,U1,99,98,97,96,0.9838383838383837,0.6888888888888889,0.29494949494949485,-0.15966088740210121,-0.1821621041356842,0.9282604884209101,0.31919191919191914,0.4119429204355498,1.0,26,0.26262626262626265,47,0.47474747474747475,76,0.7676767676767676,2,-0.10869842233233962
H1,U4,99,75,88,67,0.2888888888888889,0.36565656565656574,0.07676767676767682,-0.1843738715344048,-0.07873311555625054,0.6073345765884985,0.2585858585858586,0.3573188599511194,1.0,29,0.29292929292929293,66,0.6666666666666666,82,0.8282828282828283,67,-0.13669739566288194
