target,lambda,mean_nonzero,mean_logloss,se_logloss,mean_accuracy,mean_precision,mean_recall,mean_f1
F1,0.001,11.2,0.29463908840375785,0.018842528907919768,0.8664480585204271,0.8226284064632823,0.9623200512248905,0.8864281977382177
F1,0.0013869188565300285,10.8,0.29455905517947867,0.01886401519959849,0.8670730585204269,0.8228235081652334,0.9634436467305084,0.8869977963610548
F1,0.00192354391459856,10.4,0.29473929012379485,0.01895424627679172,0.8669098883572568,0.8221331071924141,0.9647594362041927,0.8871324564215335
F1,0.0026677993265203275,10.0,0.2953153708029998,0.019122995563635104,0.8669288277511962,0.8215077298178107,0.9658830317098106,0.8871950068795247
F1,0.0037000211913891527,9.2,0.29621511373215337,0.019333387498335356,0.8683041191264875,0.8219455759377177,0.9685060107259785,0.8885333229224293
F1,0.005131629159898318,8.2,0.2968656677919604,0.01935968539123447,0.8669098883572568,0.8194720548290535,0.969779896076297,0.8876566351839557
F1,0.007117153246582319,6.8,0.2976158082543231,0.019217022886386406,0.8683133971291866,0.819846061374168,0.9723276667769338,0.8889493516840454
F1,0.00987091404249892,5.4,0.2991269256712209,0.019115754824114137,0.8683133971291866,0.819846061374168,0.9723276667769338,0.8889493516840454
F1,0.013690156816728805,4.4,0.30132683325647835,0.01897757163356851,0.8683133971291866,0.819846061374168,0.9723276667769338,0.8889493516840454
F1,0.018987136637974283,4.0,0.3048131831305355,0.0188062474589704,0.8676883971291867,0.819650390590262,0.9712040712713159,0.8883829356439452
F1,0.02633361783471869,3.4,0.3101387526761686,0.018439864580901456,0.8676883971291867,0.819650390590262,0.9712040712713159,0.8883829356439452
F1,0.036522591135626795,3.0,0.3179047569009988,0.01786523282316936,0.8669866427432217,0.8195294065870357,0.969954071271316,0.887738918132458
F1,0.05065387033533725,3.0,0.3296107958520174,0.017074289057917125,0.8669866427432217,0.8195294065870357,0.969954071271316,0.887738918132458
F1,0.07025280792430623,3.0,0.34718513685853275,0.015980081931742825,0.8669866427432217,0.8195294065870357,0.969954071271316,0.887738918132458
F1,0.09743494403440249,3.0,0.3736325713093658,0.01445396329801515,0.8676116427432217,0.819218320614185,0.9722012622825519,0.8884346874063891
F1,0.13513436116626068,3.0,0.4139527564090527,0.012339354257693691,0.8697169059011165,0.8195771246008959,0.9759512622825518,0.8903552052988545
F1,0.1874203936666262,2.0,0.4641104551551408,0.008187332872333272,0.8727263525947736,0.8196710377308621,0.982453905802805,0.8931175749791898
F1,0.259936878074525,2.0,0.5384595934655252,0.0036058735526310393,0.8727263525947736,0.8196710377308621,0.982453905802805,0.8931175749791898
F1,0.3605113577091053,1.0,0.6640987051623413,0.0034944454091900634,0.8739384738068949,0.8195690106131283,0.9864012742238577,0.8945862233689696
F1,0.5,0.0,0.6931471805599453,7.021666937153402e-17,0.543519660164397,0.543519660164397,1.0,0.7031986584417371
F2,0.001,9.4,0.08660180700695377,0.005892628288805762,0.9796821708992761,0.9833153689183101,0.9855976277384482,0.9844397028635189
F2,0.0013869188565300285,8.4,0.08649491468803396,0.005717867065819782,0.9796821708992761,0.9833153689183101,0.9855976277384482,0.9844397028635189
F2,0.00192354391459856,7.8,0.08630989294723176,0.005683505288771396,0.9796821708992761,0.9833153689183101,0.9855976277384482,0.9844397028635189
F2,0.0026677993265203275,7.2,0.08671402801894561,0.00583764114500797,0.9803071708992762,0.9833272736802149,0.986486516627337,0.9848910762859392
F2,0.0037000211913891527,6.0,0.0874678061796984,0.0059911249891147255,0.9796821708992761,0.9833153689183101,0.9855976277384482,0.9844397028635189
F2,0.005131629159898318,5.6,0.08845280154716674,0.0061576453206681585,0.9796821708992761,0.9833153689183101,0.9855976277384482,0.9844397028635189
F2,0.007117153246582319,5.2,0.08996706991914642,0.00638487472110598,0.9796821708992761,0.9833153689183101,0.9855976277384482,0.9844397028635189
F2,0.00987091404249892,4.2,0.09231588269111525,0.006613439343407368,0.9796821708992761,0.9833153689183101,0.9855976277384482,0.9844397028635189
F2,0.013690156816728805,4.0,0.09597263488519817,0.00679598163290584,0.9796821708992761,0.9833153689183101,0.9855976277384482,0.9844397028635189
F2,0.018987136637974283,3.4,0.10096677006737376,0.006862729964204041,0.9796821708992761,0.9833153689183101,0.9855976277384482,0.9844397028635189
F2,0.02633361783471869,3.0,0.1075636273707729,0.006775497553307837,0.9796821708992761,0.9833153689183101,0.9855976277384482,0.9844397028635189
F2,0.036522591135626795,3.0,0.11724002390186386,0.006619945998362288,0.9796821708992761,0.9833153689183101,0.9855976277384482,0.9844397028635189
F2,0.05065387033533725,1.2,0.12828226073889887,0.005923405218894281,0.9796821708992761,0.9833153689183101,0.9855976277384482,0.9844397028635189
F2,0.07025280792430623,1.0,0.1433040335346554,0.0052423529400173335,0.9796821708992761,0.9833153689183101,0.9855976277384482,0.9844397028635189
F2,0.09743494403440249,1.0,0.1662774584327756,0.004497684010206466,0.9796821708992761,0.9833153689183101,0.9855976277384482,0.9844397028635189
F2,0.13513436116626068,1.0,0.2012116735625121,0.003693729183990673,0.9796821708992761,0.9833153689183101,0.9855976277384482,0.9844397028635189
F2,0.1874203936666262,1.0,0.25445143134540305,0.0028583460787180866,0.9796821708992761,0.9833153689183101,0.9855976277384482,0.9844397028635189
F2,0.259936878074525,1.0,0.3366972961971726,0.002117861561059079,0.9796821708992761,0.9833153689183101,0.9855976277384482,0.9844397028635189
F2,0.3605113577091053,1.0,0.46779405847150934,0.0020185734304673723,0.9796821708992761,0.9833153689183101,0.9855976277384482,0.9844397028635189
F2,0.5,0.4,0.6889820541808375,0.0027083025344224725,0.8041018740031898,0.805023689030268,0.993478645066274,0.8818011547265698
F3,0.001,11.4,0.4809469189543677,0.019160675667293847,0.6830402711323764,0.40248401984344684,0.9774175611017716,0.568409505287381
F3,0.0013869188565300285,11.0,0.4808935069279078,0.019136369756891175,0.6817902711323763,0.40165345505939365,0.9801202638044743,0.568100427816441
F3,0.00192354391459856,10.8,0.48119155200486097,0.019073899747422296,0.6805402711323765,0.4010704203837602,0.9837566274408379,0.56809444790619
F3,0.0026677993265203275,10.4,0.4813331621010953,0.01888271054789677,0.6791367623604466,0.39998135132505164,0.9837566274408379,0.5670327242631508
F3,0.0037000211913891527,8.6,0.48153161626830066,0.01872445251979694,0.6791367623604466,0.39998135132505164,0.9837566274408379,0.5670327242631508
F3,0.005131629159898318,7.8,0.4817910388567834,0.0186719045920681,0.6791367623604466,0.40019751447224927,0.989090909090909,0.5682904889292049
F3,0.007117153246582319,6.6,0.4825606375322458,0.018566738259691625,0.6784350079744816,0.3995769036605556,0.989090909090909,0.567728109174876
F3,0.00987091404249892,5.4,0.4837759171414939,0.01837121185718221,0.6784350079744816,0.3995769036605556,0.989090909090909,0.567728109174876
F3,0.013690156816728805,4.6,0.485395507437347,0.017931693559656313,0.6784350079744816,0.3995769036605556,0.989090909090909,0.567728109174876
F3,0.018987136637974283,3.4,0.48783278984003964,0.01747874181435691,0.6784350079744816,0.3995769036605556,0.989090909090909,0.567728109174876
F3,0.02633361783471869,2.4,0.49098724234413993,0.017254101176827862,0.6766168261562998,0.39817280616850337,0.989090909090909,0.566221999484623
F3,0.036522591135626795,2.0,0.4952177295504086,0.016462239007734445,0.6700311311495522,0.393434553577422,0.989090909090909,0.5614684173471333
F3,0.05065387033533725,2.0,0.5014593971647596,0.015319415780003046,0.6687811311495522,0.39248971190224324,0.989090909090909,0.5605287348074507
F3,0.07025280792430623,1.2,0.5100776920294916,0.014152207721831882,0.6687811311495522,0.39248971190224324,0.989090909090909,0.5605287348074507
F3,0.09743494403440249,1.0,0.5226779665943454,0.012358075643959235,0.6687811311495522,0.39248971190224324,0.989090909090909,0.5605287348074507
F3,0.13513436116626068,1.0,0.5447412872196462,0.009776063054179992,0.6687811311495522,0.39248971190224324,0.989090909090909,0.5605287348074507
F3,0.1874203936666262,1.0,0.5842214755422995,0.005988155979629442,0.6687811311495522,0.39248971190224324,0.989090909090909,0.5605287348074507
F3,0.259936878074525,1.0,0.658483823633948,0.0006497879119104494,0.6687811311495522,0.39248971190224324,0.989090909090909,0.5605287348074507
F3,0.3605113577091053,0.0,0.6931471805599453,3.510833468576701e-17,0.3389355600539811,0.1775320512820513,0.8,0.2894362618547134
F3,0.5,0.0,0.6931471805599453,3.510833468576701e-17,0.3389355600539811,0.1775320512820513,0.8,0.2894362618547134
H1,0.001,11.2,0.3300418045380673,0.013865274365755745,0.8882791221935958,0.9029417978340387,0.8256075492497569,0.8622564991399404
H1,0.0013869188565300285,10.8,0.32985575231181435,0.013854447435257012,0.8882791221935958,0.9029417978340387,0.8256075492497569,0.8622564991399404
H1,0.00192354391459856,10.6,0.3298670075849339,0.013843786636114368,0.8867406606551343,0.8996026788985896,0.8256075492497569,0.8607422562613797
H1,0.0026677993265203275,10.0,0.3304194658348717,0.013707509288983833,0.8853464298859036,0.8963770217764525,0.8256075492497568,0.859331294781596
H1,0.0037000211913891527,8.8,0.33063329687202836,0.01340938683939967,0.8839521991166727,0.8946285599138314,0.8240923977346053,0.8577216098260656
H1,0.005131629159898318,7.8,0.3304710230029351,0.013023502333859762,0.8825486903447428,0.8941387639954639,0.8205836258047807,0.8554997794610507
H1,0.007117153246582319,6.8,0.33069453013346345,0.012548603957972804,0.8817794595755121,0.8939491306199899,0.8189307332427973,0.8545240265539673
H1,0.00987091404249892,6.4,0.3314803145078611,0.011973296022916084,0.8823855201815729,0.9006251474502844,0.8128238630137895,0.8542179529049957
H1,0.013690156816728805,5.8,0.33377298601305944,0.011309067592637927,0.8839239817200344,0.9084102160011687,0.8080029263746711,0.8550329546576589
H1,0.018987136637974283,5.4,0.33818281525179816,0.010750292860214306,0.8839239817200344,0.9084102160011687,0.8080029263746711,0.8550329546576589
H1,0.02633361783471869,5.0,0.3456170103357479,0.010049997422240772,0.8839239817200344,0.9084102160011687,0.8080029263746711,0.8550329546576589
H1,0.036522591135626795,4.8,0.3577435776908192,0.009165272526256539,0.8839239817200344,0.9084102160011687,0.8080029263746711,0.8550329546576589
H1,0.05065387033533725,4.4,0.3759460250455974,0.008150984119115485,0.8839239817200344,0.9084102160011687,0.8080029263746711,0.8550329546576589
H1,0.07025280792430623,4.0,0.40378695534821374,0.006772640218347906,0.8839239817200344,0.9084102160011687,0.8080029263746711,0.8550329546576589
H1,0.09743494403440249,3.0,0.44522807206849924,0.005236120636603041,0.8839239817200344,0.9084102160011687,0.8080029263746711,0.8550329546576589
H1,0.13513436116626068,2.2,0.5105175277445122,0.004757690441997848,0.8839239817200344,0.9084102160011687,0.8080029263746711,0.8550329546576589
H1,0.1874203936666262,1.0,0.600524784729134,0.0034176425525689804,0.7813478407557355,0.7151337925402345,0.8111709704518063,0.7594976058426692
H1,0.259936878074525,1.0,0.6665155906317712,0.0026446626566538657,0.7813478407557355,0.7151337925402345,0.8111709704518063,0.7594976058426692
H1,0.3605113577091053,0.0,0.6931471805599454,4.299875284949258e-17,0.42760244141823095,0.42760244141823095,1.0,0.5984186429494966
H1,0.5,0.0,0.6931471805599454,4.299875284949258e-17,0.42760244141823095,0.42760244141823095,1.0,0.5984186429494966
J1,0.001,12.0,0.1900028091463052,0.007763338401011734,0.9683159274935591,0.8284789164708029,0.8351291877035585,0.8212960643949716
J1,0.0013869188565300285,11.8,0.18907790967649518,0.007006823525225801,0.9676909274935591,0.8279863056333644,0.8298660298088215,0.8176777921199829
J1,0.00192354391459856,11.4,0.1880757082592946,0.005998012767064823,0.9704979450374187,0.8732804232804232,0.8224586224014143,0.8334653662748709
J1,0.0026677993265203275,9.4,0.18753753835694173,0.005388314844620278,0.9754421236658078,0.9147089947089947,0.8224586224014143,0.8578055115964529
J1,0.0037000211913891527,8.4,0.18805806021290755,0.005096560197814875,0.9754421236658078,0.9147089947089947,0.8224586224014143,0.8578055115964529
J1,0.005131629159898318,7.4,0.1892261829523525,0.004548226618590509,0.9792416574653415,0.9559929925147317,0.8224586224014143,0.8799278431817001
J1,0.007117153246582319,7.0,0.19164336298606208,0.003798236806828656,0.9799434118513066,0.969326325848065,0.8224586224014143,0.8859493485580442
J1,0.00987091404249892,7.0,0.1956817807616386,0.002965516987981665,0.9799434118513066,0.969326325848065,0.8224586224014143,0.8859493485580442
J1,0.013690156816728805,6.6,0.20091360420314003,0.0025411223921408973,0.9805494724573673,0.9780219780219781,0.8224586224014143,0.8902005562875128
J1,0.018987136637974283,5.8,0.207641149259518,0.002136838230623291,0.9805494724573673,0.9780219780219781,0.8224586224014143,0.8902005562875128
J1,0.02633361783471869,4.8,0.21699265128910708,0.0019735453775088525,0.9805494724573673,0.9780219780219781,0.8224586224014143,0.8902005562875128
J1,0.036522591135626795,3.2,0.2273164307481866,0.0013907775712561584,0.9805494724573673,0.9780219780219781,0.8224586224014143,0.8902005562875128
J1,0.05065387033533725,2.2,0.23805926756905071,0.001697955147492835,0.9805494724573673,0.9780219780219781,0.8224586224014143,0.8902005562875128
J1,0.07025280792430623,2.0,0.2511502308902814,0.0017196670315121098,0.9805494724573673,0.9780219780219781,0.8224586224014143,0.8902005562875128
J1,0.09743494403440249,2.0,0.26838126211666974,0.00210330617041032,0.9791459636854374,0.9780219780219781,0.8076438075865994,0.8795286195286195
J1,0.13513436116626068,2.0,0.2912744102569449,0.00286569006221349,0.977770672310146,1.0,0.7741361253374983,0.8673520786613766
J1,0.1874203936666262,2.0,0.32227526086421604,0.004005271310285052,0.977770672310146,1.0,0.7741361253374983,0.8673520786613766
J1,0.259936878074525,2.0,0.36541005134345095,0.005590003322294399,0.977770672310146,1.0,0.7741361253374983,0.8673520786613766
J1,0.3605113577091053,1.2,0.42595576253604506,0.007367100754787293,0.977770672310146,1.0,0.7741361253374983,0.8673520786613766
J1,0.5,1.0,0.5121489747056687,0.00993506510120645,0.977770672310146,1.0,0.7741361253374983,0.8673520786613766
J2,0.001,9.4,0.06711127865208791,0.022532255399376505,0.977770672310146,0.7741361253374983,1.0,0.8673520786613766
J2,0.0013869188565300285,8.4,0.06701389424759253,0.022293515779517253,0.977770672310146,0.7741361253374983,1.0,0.8673520786613766
J2,0.00192354391459856,6.6,0.06701743628034576,0.022026288335454537,0.977770672310146,0.7741361253374983,1.0,0.8673520786613766
J2,0.0026677993265203275,5.6,0.0674009669635428,0.021780513771881737,0.977770672310146,0.7741361253374983,1.0,0.8673520786613766
J2,0.0037000211913891527,4.6,0.06845833151627657,0.022010135693501912,0.977770672310146,0.7741361253374983,1.0,0.8673520786613766
J2,0.005131629159898318,4.0,0.0696006443123111,0.022208830507214106,0.977770672310146,0.7741361253374983,1.0,0.8673520786613766
J2,0.007117153246582319,3.8,0.07090688904216544,0.022451801793466335,0.977770672310146,0.7741361253374983,1.0,0.8673520786613766
J2,0.00987091404249892,3.4,0.07187880487536885,0.022230206646729183,0.977770672310146,0.7741361253374983,1.0,0.8673520786613766
J2,0.013690156816728805,3.0,0.07303625323372721,0.021872082644860687,0.977770672310146,0.7741361253374983,1.0,0.8673520786613766
J2,0.018987136637974283,3.0,0.07458545801286079,0.021521527288369438,0.977770672310146,0.7741361253374983,1.0,0.8673520786613766
J2,0.02633361783471869,3.0,0.07703658199806511,0.021053141513755338,0.977770672310146,0.7741361253374983,1.0,0.8673520786613766
J2,0.036522591135626795,2.8,0.08090351131372568,0.0204233557279966,0.977770672310146,0.7741361253374983,1.0,0.8673520786613766
J2,0.05065387033533725,2.8,0.08690172322830447,0.01959061794342559,0.977770672310146,0.7741361253374983,1.0,0.8673520786613766
J2,0.07025280792430623,2.4,0.09601578113272577,0.018488626758652385,0.977770672310146,0.7741361253374983,1.0,0.8673520786613766
J2,0.09743494403440249,2.2,0.10955385175647507,0.017098264740250835,0.977770672310146,0.7741361253374983,1.0,0.8673520786613766
J2,0.13513436116626068,2.2,0.1294203570000546,0.015362768041204001,0.977770672310146,0.7741361253374983,1.0,0.8673520786613766
J2,0.1874203936666262,2.2,0.15859209332715316,0.013193952911030073,0.977770672310146,0.7741361253374983,1.0,0.8673520786613766
J2,0.259936878074525,1.8,0.20165213193601414,0.01034121416019207,0.977770672310146,0.7741361253374983,1.0,0.8673520786613766
J2,0.3605113577091053,1.6,0.2657987281473349,0.006326162658537982,0.977770672310146,0.7741361253374983,1.0,0.8673520786613766
J2,0.5,1.2,0.365725259496945,0.0029981350959276945,0.977770672310146,0.7741361253374983,1.0,0.8673520786613766
J3,0.001,11.4,0.050899599810686334,0.015314660415492148,0.9833282726045883,0.8155099380905831,0.9358543417366947,0.8676353276353275
J3,0.0013869188565300285,10.8,0.05162297470770253,0.015441262675784183,0.9833282726045883,0.8155099380905831,0.9358543417366947,0.8676353276353275
J3,0.00192354391459856,10.6,0.05254546436189032,0.01558602986030418,0.9820782726045885,0.808080808080808,0.9358543417366947,0.8622222222222222
J3,0.0026677993265203275,10.6,0.05397050012283152,0.01578680693081331,0.9805398110661269,0.7903030303030303,0.9358543417366947,0.8523380523380524
J3,0.0037000211913891527,10.4,0.05626910593729763,0.01608757274704319,0.9778955802968963,0.7730880230880232,0.9358543417366947,0.8403787245892509
J3,0.005131629159898318,10.0,0.06000206322536309,0.016577326237180404,0.9749536099865047,0.7363526570048309,0.9358543417366947,0.8180086580086579
J3,0.007117153246582319,8.6,0.06438814668546555,0.016861183727584467,0.9722326248313091,0.7152097902097901,0.9240896358543417,0.7994298995035916
J3,0.00987091404249892,6.8,0.06875410092029145,0.016595221984346382,0.9674160379094591,0.659170653907496,0.9407563025210084,0.7666660724686647
J3,0.013690156816728805,4.6,0.07327595770555417,0.01589492202117122,0.9674160379094591,0.659170653907496,0.9407563025210084,0.7666660724686647
J3,0.018987136637974283,3.6,0.07772664264416994,0.014900331888603223,0.9591078548644338,0.584696342305038,0.9691876750700279,0.7235686145648941
J3,0.02633361783471869,3.0,0.08192140942143485,0.013140621076051668,0.9591078548644338,0.584696342305038,0.9691876750700279,0.7235686145648941
J3,0.036522591135626795,2.8,0.08704699448154013,0.011428206767228399,0.966125398724083,0.6496536072623028,0.9358543417366947,0.760491691487971
J3,0.05065387033533725,2.8,0.09424451251749344,0.00977191035992523,0.966125398724083,0.6496536072623028,0.9358543417366947,0.760491691487971
J3,0.07025280792430623,2.8,0.10421712521991486,0.008158101268068301,0.9685496411483253,0.6931318681318681,0.9247432306255836,0.7791676496761243
J3,0.09743494403440249,2.8,0.118196421589184,0.006503574395010375,0.9804524751564225,0.8538461538461538,0.9012138188608777,0.8637444348980707
J3,0.13513436116626068,2.8,0.13809941889745078,0.004712945635940776,0.9804524751564225,0.8538461538461538,0.9012138188608777,0.8637444348980707
J3,0.1874203936666262,2.8,0.16689674985812886,0.0028154421863544584,0.9804524751564225,0.8538461538461538,0.9012138188608777,0.8637444348980707
J3,0.259936878074525,2.8,0.20930517183652136,0.002163317018614353,0.9910774751564226,0.9538461538461538,0.8821661998132585,0.9138782439970896
J3,0.3605113577091053,2.6,0.2731108447815914,0.004982901772693537,0.9932502146975832,1.0,0.8739309056956115,0.932024948735475
J3,0.5,1.8,0.3513498980955389,0.005516201278915222,0.9932502146975832,1.0,0.8739309056956115,0.932024948735475
J4,0.001,7.8,0.03731543899994489,0.009873489686081928,0.9932502146975832,0.8739309056956115,1.0,0.932024948735475
J4,0.0013869188565300285,6.8,0.03723140560106556,0.00966840069542215,0.9932502146975832,0.8739309056956115,1.0,0.932024948735475
J4,0.00192354391459856,6.4,0.03723394520363453,0.009390654395947873,0.9932502146975832,0.8739309056956115,1.0,0.932024948735475
J4,0.0026677993265203275,5.0,0.03743176339504864,0.009162748764555887,0.9932502146975832,0.8739309056956115,1.0,0.932024948735475
J4,0.0037000211913891527,3.6,0.03747628820430811,0.008917959002906928,0.9932502146975832,0.8739309056956115,1.0,0.932024948735475
J4,0.005131629159898318,3.2,0.037339903139387384,0.008628480917543395,0.9932502146975832,0.8739309056956115,1.0,0.932024948735475
J4,0.007117153246582319,3.2,0.03725731450939412,0.008317296505583278,0.9932502146975832,0.8739309056956115,1.0,0.932024948735475
J4,0.00987091404249892,3.2,0.037346222174045166,0.008001436556646799,0.9932502146975832,0.8739309056956115,1.0,0.932024948735475
J4,0.013690156816728805,3.2,0.037747471397966637,0.0077057340962531145,0.9932502146975832,0.8739309056956115,1.0,0.932024948735475
J4,0.018987136637974283,3.0,0.03882767928118852,0.007444354712340744,0.9932502146975832,0.8739309056956115,1.0,0.932024948735475
J4,0.02633361783471869,3.0,0.04079155104046772,0.007262836884304769,0.9932502146975832,0.8739309056956115,1.0,0.932024948735475
J4,0.036522591135626795,2.8,0.043578721133507727,0.006673832899773913,0.9932502146975832,0.8739309056956115,1.0,0.932024948735475
J4,0.05065387033533725,2.2,0.04808544037958771,0.0060128334508082895,0.9932502146975832,0.8739309056956115,1.0,0.932024948735475
J4,0.07025280792430623,2.0,0.05489110604275403,0.005386533973296075,0.9932502146975832,0.8739309056956115,1.0,0.932024948735475
J4,0.09743494403440249,1.8,0.06543349143229985,0.004731593974618618,0.9932502146975832,0.8739309056956115,1.0,0.932024948735475
J4,0.13513436116626068,1.4,0.08112623730185367,0.004060359938380219,0.9932502146975832,0.8739309056956115,1.0,0.932024948735475
J4,0.1874203936666262,1.2,0.1041452749337419,0.003314176555451318,0.9932502146975832,0.8739309056956115,1.0,0.932024948735475
J4,0.259936878074525,1.0,0.1380821214793239,0.0025460755141288186,0.9932502146975832,0.8739309056956115,1.0,0.932024948735475
J4,0.3605113577091053,1.0,0.18820402054584762,0.002087210246247409,0.9932502146975832,0.8739309056956115,1.0,0.932024948735475
J4,0.5,1.0,0.26338165282284887,0.002811796153742651,0.9932502146975832,0.8739309056956115,1.0,0.932024948735475
J5,0.001,11.2,0.0677736429564417,0.018598176712277648,0.9734622285609127,0.6696410256410256,0.9466666666666667,0.7756310508713253
J5,0.0013869188565300285,10.8,0.06795535911059647,0.018572969173368883,0.9741639829468778,0.6734505494505494,0.9633333333333333,0.7847478599881346
J5,0.00192354391459856,9.6,0.06836541413007757,0.01855038088802892,0.973557922340817,0.666091242091242,0.9633333333333333,0.7801594659260562
J5,0.0026677993265203275,8.6,0.06909194098720087,0.0185723627186892,0.973557922340817,0.666091242091242,0.9633333333333333,0.7801594659260562
J5,0.0037000211913891527,7.8,0.06974400040300571,0.018414279294426215,0.973557922340817,0.666091242091242,0.9633333333333333,0.7801594659260562
J5,0.005131629159898318,6.4,0.07045350919311225,0.01803425908205841,0.973557922340817,0.666091242091242,0.9633333333333333,0.7801594659260562
J5,0.007117153246582319,5.0,0.0710929738382555,0.01758998343779704,0.973557922340817,0.666091242091242,0.9633333333333333,0.7801594659260562
J5,0.00987091404249892,3.2,0.07151216972236007,0.01694218191503203,0.9741829223408172,0.672091242091242,0.9633333333333333,0.7837958295624199
J5,0.013690156816728805,2.4,0.07165639956975034,0.015943381679359287,0.9727794135688871,0.6517403648982596,0.9800000000000001,0.7756715762768763
J5,0.018987136637974283,2.4,0.071544132429238,0.014832113844352639,0.9727794135688871,0.6517403648982596,0.9800000000000001,0.7756715762768763
J5,0.02633361783471869,2.2,0.07230860381048917,0.013607739431604846,0.9734811679548521,0.6754245754245753,0.93,0.7708328665994569
J5,0.036522591135626795,2.2,0.07467014120857071,0.01234140990535976,0.9734811679548521,0.6754245754245753,0.93,0.7708328665994569
J5,0.05065387033533725,2.2,0.07912621634297813,0.011097937939173547,0.9734811679548521,0.6754245754245753,0.93,0.7708328665994569
J5,0.07025280792430623,2.2,0.08664090092890099,0.009913446098346079,0.9734811679548521,0.6754245754245753,0.93,0.7708328665994569
J5,0.09743494403440249,2.2,0.09838883554863946,0.008780664520990054,0.9757888602625446,0.6874647092038396,0.93,0.7816599342686299
J5,0.13513436116626068,2.2,0.11603049857178124,0.007658872430580314,0.976394920868605,0.694824016563147,0.93,0.7862483283307082
J5,0.1874203936666262,2.2,0.14204396692222138,0.006501598408147687,0.976394920868605,0.694824016563147,0.93,0.7862483283307082
J5,0.259936878074525,2.2,0.18030835508074392,0.0052775932681779275,0.9757888602625446,0.6874647092038396,0.93,0.7816599342686299
J5,0.3605113577091053,2.2,0.23718903590697296,0.0040944213883022775,0.9728561679548523,0.6694245754245755,0.93,0.7671965029630933
J5,0.5,1.8,0.32118923278154177,0.0034932835032216174,0.9862605048460311,0.8365359477124183,0.9,0.8614388020377131
S1,0.001,10.8,0.08376779199632271,0.007623335821192251,0.9817592166605325,0.9731185752515156,0.9723527107812823,0.972687842658928
S1,0.0013869188565300285,10.2,0.08374296120457565,0.007475062131997175,0.9817592166605325,0.9731185752515156,0.9723527107812823,0.972687842658928
S1,0.00192354391459856,9.6,0.08379599346502731,0.007276763223008008,0.9817592166605325,0.9731185752515156,0.9723527107812823,0.972687842658928
S1,0.0026677993265203275,9.0,0.08444149998016744,0.007190276624113835,0.9809899858913017,0.9706876728206131,0.9723527107812823,0.9714322527036476
S1,0.0037000211913891527,7.8,0.08543271962150567,0.007187216814110884,0.9796821708992761,0.9674649436399779,0.9723527107812823,0.9698223100786922
S1,0.005131629159898318,7.6,0.08649313144718852,0.007175673756633902,0.9796821708992761,0.9674649436399779,0.9723527107812823,0.9698223100786922
S1,0.007117153246582319,6.4,0.0882403138001869,0.007243356995265733,0.9796821708992761,0.9674649436399779,0.9723527107812823,0.9698223100786922
S1,0.00987091404249892,5.0,0.0910543420479628,0.007374014535994416,0.9796821708992761,0.9674649436399779,0.9723527107812823,0.9698223100786922
S1,0.013690156816728805,3.2,0.09446286427834147,0.007602083641780345,0.9796821708992761,0.9674649436399779,0.9723527107812823,0.9698223100786922
S1,0.018987136637974283,2.4,0.09816442482770993,0.007618416815114037,0.9796821708992761,0.9674649436399779,0.9723527107812823,0.9698223100786922
S1,0.02633361783471869,2.0,0.10377186166151449,0.007304506405088677,0.9796821708992761,0.9674649436399779,0.9723527107812823,0.9698223100786922
S1,0.036522591135626795,2.0,0.11212374862848902,0.00695388158907385,0.9796821708992761,0.9674649436399779,0.9723527107812823,0.9698223100786922
S1,0.05065387033533725,2.0,0.12451186412194612,0.006577037095463618,0.9796821708992761,0.9674649436399779,0.9723527107812823,0.9698223100786922
S1,0.07025280792430623,1.4,0.14185205067298717,0.006011582945501478,0.9796821708992761,0.9674649436399779,0.9723527107812823,0.9698223100786922
S1,0.09743494403440249,1.0,0.16491623724583718,0.005180942844727549,0.9796821708992761,0.9674649436399779,0.9723527107812823,0.9698223100786922
S1,0.13513436116626068,1.0,0.19983136586396014,0.00430241491255743,0.9796821708992761,0.9674649436399779,0.9723527107812823,0.9698223100786922
S1,0.1874203936666262,1.0,0.25308435172404115,0.003380090147554175,0.9796821708992761,0.9674649436399779,0.9723527107812823,0.9698223100786922
S1,0.259936878074525,1.0,0.3353911543939548,0.0024954583253316595,0.9796821708992761,0.9674649436399779,0.9723527107812823,0.9698223100786922
S1,0.3605113577091053,1.0,0.46663120931228663,0.0021083354574911403,0.9796821708992761,0.9674649436399779,0.9723527107812823,0.9698223100786922
S1,0.5,0.4,0.6886368229683504,0.0028848046877138363,0.66262667157404,0.5174350314288395,0.7901010101010101,0.5840369646443274
U1,0.001,11.0,0.12360219261174143,0.009438617970445172,0.9682886302294198,0.9946840679774045,0.9695021365424019,0.9819126075620968
U1,0.0013869188565300285,10.6,0.12345627557646174,0.009275289808252448,0.9682696908354803,0.9953808103946677,0.9688124813699881,0.981900403361411
U1,0.00192354391459856,10.4,0.1239616811200058,0.009223701476827157,0.9682696908354803,0.9953808103946677,0.9688124813699881,0.981900403361411
U1,0.0026677993265203275,10.2,0.12530449322387857,0.009203927586272552,0.9683371672187462,0.9946746060479009,0.969505509678744,0.9819144190909833
U1,0.0037000211913891527,9.8,0.12733181843032088,0.009152577097054526,0.9670196908354803,0.993827710139041,0.9689230120829204,0.9812079066775249
U1,0.005131629159898318,9.0,0.13020094673570007,0.009206367261206909,0.9670196908354803,0.993827710139041,0.9689230120829204,0.9812079066775249
U1,0.007117153246582319,8.8,0.13448437861154633,0.009430205400843893,0.9683464452214453,0.9938361233070175,0.9704094800043382,0.9819781609866315
U1,0.00987091404249892,7.6,0.1407737936065107,0.00983871543944864,0.9684231996074102,0.9938344842888851,0.9705166375809284,0.9820340176861917
U1,0.013690156816728805,6.6,0.1485715242282378,0.010549117006660731,0.963131824316035,0.9937862264362929,0.9644192676235045,0.9788340598148615
U1,0.018987136637974283,5.8,0.15907365856032601,0.011142027664236746,0.9631697031039137,0.9937854021534335,0.9644144949233494,0.9788058383184515
U1,0.02633361783471869,5.4,0.17201992637282812,0.011354836611721555,0.9562478530241689,0.9937485437334599,0.9565511386598222,0.9746629570825469
U1,0.036522591135626795,5.0,0.19108519295627416,0.01199784869979499,0.9497977242056189,0.993695377509493,0.949494001414284,0.9710797869189898
U1,0.05065387033533725,4.6,0.2202873044578871,0.013251071190248122,0.8975745307324254,0.9950747064570173,0.8889769506061909,0.9382327581885723
U1,0.07025280792430623,4.4,0.26475759040814417,0.015584909359242618,0.8630771531100478,0.9956910764557703,0.849286554213126,0.9164358963768648
U1,0.09743494403440249,3.6,0.32715554243448014,0.017283038367021736,0.8394941571586308,0.9963886905978185,0.8220256291555776,0.9004232267110153
U1,0.13513436116626068,3.2,0.3778283840252965,0.017419168975766557,0.8350885627530366,0.9963632915547936,0.8170503347531399,0.8974582415249357
U1,0.1874203936666262,1.4,0.4242992471470459,0.013135490498742514,0.8350885627530366,0.9963632915547936,0.8170503347531399,0.8974582415249357
U1,0.259936878074525,1.0,0.4813292553185427,0.008049229244384294,0.8350885627530366,0.9963632915547936,0.8170503347531399,0.8974582415249357
U1,0.3605113577091053,1.0,0.5830499095857948,0.001458831662152281,0.8350885627530366,0.9963632915547936,0.8170503347531399,0.8974582415249357
U1,0.5,0.0,0.6931471805599454,7.447602459741819e-17,0.2718069868727763,0.18125,0.2,0.1901639344262295
U3,0.001,11.8,0.3932330783354593,0.005757064745894534,0.8068440988835726,0.9248480641397034,0.8009565616723856,0.8577160104698394
U3,0.0013869188565300285,11.4,0.3928439457179175,0.006014661724258263,0.8068440988835726,0.9240779107402968,0.8017864371910578,0.8578261300825221
U3,0.00192354391459856,11.2,0.3925813585675188,0.0062723554359682,0.8060748681143417,0.9240214171115229,0.8008474700549076,0.8572467679028677
U3,0.0026677993265203275,11.0,0.39280622904045226,0.0063913358686648195,0.8060748681143417,0.9249476247307635,0.7998270618916423,0.8570724991302072
U3,0.0037000211913891527,10.6,0.39328714885488747,0.00658325919897996,0.8060748681143417,0.9234487611642054,0.8014868129289867,0.857289890434555
U3,0.005131629159898318,10.0,0.3941263232152238,0.006850193820210128,0.8040652987363514,0.9212562120786172,0.8004664047657213,0.8558037141153605
U3,0.007117153246582319,8.6,0.3948164102321051,0.007282692088043415,0.806170561894246,0.9215658659948284,0.8035591882708759,0.8575994842681286
U3,0.00987091404249892,7.6,0.39540991617589627,0.007507557510372505,0.8068145012881855,0.9188343141903512,0.8071888342794221,0.8584347064462609
U3,0.013690156816728805,6.4,0.3971877483708751,0.007408170710435176,0.807420561894246,0.9188968924131297,0.8080362919065408,0.8589855784744513
U3,0.018987136637974283,6.2,0.400599451913194,0.007344315914963218,0.8102275794381057,0.9193780954206485,0.8121179245596022,0.8615003224832058
U3,0.02633361783471869,5.6,0.40623531839139393,0.007320512333369683,0.8139387805177278,0.9197683673441895,0.8169966816381559,0.864394330778073
U3,0.036522591135626795,4.8,0.41535745205282926,0.00735998869655167,0.8169690835480308,0.9200715312731941,0.8212339697737491,0.8671101683995712
U3,0.05065387033533725,4.8,0.43037189217036537,0.007540638765117162,0.8141131456263034,0.9198323406857358,0.8177882451630054,0.8650076679198065
U3,0.07025280792430623,3.6,0.45052046209920193,0.007429556406575245,0.8147192062323642,0.9208146377496391,0.8177882451630054,0.8654041561667623
U3,0.09743494403440249,2.8,0.46933388989689756,0.006715872643773874,0.8147192062323642,0.9208146377496391,0.8177882451630054,0.8654041561667623
U3,0.13513436116626068,2.6,0.49745720475155986,0.005636107050304966,0.8147192062323642,0.9198378367728381,0.8187272122991558,0.8655407233069046
U3,0.1874203936666262,2.2,0.5423452239082766,0.0041745678211620564,0.8147192062323642,0.918184850318213,0.8204045454449466,0.8657871196398533
U3,0.259936878074525,2.0,0.6165703820655712,0.0021485535733319207,0.8147192062323642,0.918184850318213,0.8204045454449466,0.8657871196398533
U3,0.3605113577091053,0.0,0.6931471805599454,3.510833468576701e-17,0.5548479481045271,0.4430168077536498,0.6,0.5089154775564559
U3,0.5,0.0,0.6931471805599454,3.510833468576701e-17,0.5548479481045271,0.4430168077536498,0.6,0.5089154775564559
U4,0.001,10.8,0.33280482669571343,0.016843817406148005,0.8813851061219482,0.924974057711197,0.8371654599713073,0.8786287251908081
U4,0.0013869188565300285,10.8,0.3320947612204199,0.016460609922969237,0.8813851061219482,0.924974057711197,0.8371654599713073,0.8786287251908081
U4,0.00192354391459856,10.0,0.3314271593215838,0.01596410583211909,0.8813083517359832,0.9247879405016084,0.8371654599713073,0.8785912166928519
U4,0.0026677993265203275,9.6,0.3310790942895932,0.015543838366819876,0.8813083517359832,0.9247879405016084,0.8371654599713073,0.8785912166928519
U4,0.0037000211913891527,9.4,0.33089186560521894,0.014994556598951356,0.882077582505214,0.9262959394525657,0.8371654599713073,0.8792690828879595
U4,0.005131629159898318,9.0,0.33085910543505753,0.014361571487334336,0.882077582505214,0.9262959394525657,0.8371654599713073,0.8792690828879595
U4,0.007117153246582319,8.0,0.33138378297074794,0.013765863940304688,0.882077582505214,0.9262959394525657,0.8371654599713073,0.8792690828879595
U4,0.00987091404249892,7.8,0.3329510531062393,0.013160368840208925,0.882077582505214,0.9262959394525657,0.8371654599713073,0.8792690828879595
U4,0.013690156816728805,7.4,0.33554857451476067,0.012478203258507375,0.882077582505214,0.9262959394525657,0.8371654599713073,0.8792690828879595
U4,0.018987136637974283,6.2,0.33986839185740947,0.011719241032089526,0.882077582505214,0.9262959394525657,0.8371654599713073,0.8792690828879595
U4,0.02633361783471869,5.0,0.3466969339981005,0.010816087116225436,0.882077582505214,0.9262959394525657,0.8371654599713073,0.8792690828879595
U4,0.036522591135626795,4.2,0.3565526315930219,0.009883286593513944,0.882077582505214,0.9262959394525657,0.8371654599713073,0.8792690828879595
U4,0.05065387033533725,3.8,0.372379575219858,0.008804815048561804,0.882077582505214,0.9262959394525657,0.8371654599713073,0.8792690828879595
U4,0.07025280792430623,3.2,0.39770826742388693,0.0075309046831623675,0.882077582505214,0.9262959394525657,0.8371654599713073,0.8792690828879595
U4,0.09743494403440249,2.0,0.43477897682198385,0.006219919171454301,0.882077582505214,0.9262959394525657,0.8371654599713073,0.8792690828879595
U4,0.13513436116626068,2.0,0.4932819193529208,0.004812261195835878,0.882077582505214,0.9262959394525657,0.8371654599713073,0.8792690828879595
U4,0.1874203936666262,2.0,0.5943162438375189,0.003755753682998208,0.7813478407557355,0.7585936906844115,0.8434920954167436,0.7982631714240801
U4,0.259936878074525,1.0,0.6701296963740528,0.002831254490682724,0.7813478407557355,0.7585936906844115,0.8434920954167436,0.7982631714240801
U4,0.3605113577091053,0.0,0.6931471805599454,3.510833468576701e-17,0.5143977732793522,0.5143977732793522,1.0,0.6787478014348709
U4,0.5,0.0,0.6931471805599454,3.510833468576701e-17,0.5143977732793522,0.5143977732793522,1.0,0.6787478014348709
